shopify_product_id,handle,title,total_images,best_lifestyle_position,best_lifestyle_url,has_text_overlay,action
9359738732649,agenouilloir-jardin-pliable-mousse-eva,Agenouilloir de jardin pliable avec coussin mousse EVA,7,,,,STILL_NO_LIFESTYLE
9367403364457,aire-de-jeu-sable-eau-bois-18-accessoires,Aire de jeu sable et eau en bois 18 accessoires,7,,,,STILL_NO_LIFESTYLE
7752240595049,grand-arbre-a-chat-192-cm-8-griffoirs-3-lits-2-hamacs,Arbre à chat multi-niveaux 192 cm avec 8 griffoirs,14,8,https://cdn.shopify.com/s/files/1/0678/1327/7801/files/db539e19d5431e43e.jpg,false,SWAP_CLEAN
7751736819817,tour-a-chat-multi-niveaux-ajustable-240-260cm-avec-condos,Arbre à chat multi-niveaux ajustable 240-260 cm,14,7,https://cdn.shopify.com/s/files/1/0678/1327/7801/files/TES2bf195f69b2d0a.jpg,false,SWAP_CLEAN
7752199340137,arbre-a-chat-geant-200cm-centre-dactivites-multi-niveaux,Arbre à chat multiniveau 79 pouces avec griffoirs,7,7,https://cdn.shopify.com/s/files/1/0678/1327/7801/files/C1t851190b525064d_e41cbcc9-6955-44ca-a438-9768e8477276.jpg,false,SWAP_CLEAN
7752238858345,arbre-a-chat-du-plancher-au-plafond-225-255cm-pour-grands-chats,Arbre à chat plafond-sol ajustable 225-255cm avec hamacs,14,8,https://cdn.shopify.com/s/files/1/0678/1327/7801/files/DL4f9319494c24557.jpg,false,SWAP_CLEAN
9364962508905,arbre-ficus-artificiel-152cm-pot,Arbre artificiel ficus 152 cm plante décorative avec pot,7,5,https://cdn.shopify.com/s/files/1/0678/1327/7801/files/qQZacc19e8db1be3a.jpg,false,SWAP_CLEAN
7736553799785,arche-de-jardin-2-7m-treillis-noir-pour-rosiers-grimpants,Arche de jardin treillis décorative 265 cm,14,14,https://cdn.shopify.com/s/files/1/0678/1327/7801/files/Xfo77219495d5dff9_4ae0777f-5652-40c4-89b2-e3fcc7748c9c.jpg,false,SWAP_CLEAN
9369986302057,armoire-rangement-39-tiroirs-montage-mural,Armoire de rangement 39 tiroirs montage mural,7,6,https://cdn.shopify.com/s/files/1/0678/1327/7801/files/PnHcf619495e7f8b2.jpg,false,SWAP_CLEAN
9364960706665,armoire-pharmacie-murale-3-niveaux-acier,Armoire Pharmacie Murale 3 Niveaux Acier Verrouillable,7,7,https://cdn.shopify.com/s/files/1/0678/1327/7801/files/fgb54319493d409ca_48d1474a-7ba7-482d-913e-400ddd7c6bd9.jpg,false,SWAP_CLEAN
9364961034345,armoire-pharmacie-murale-miroir-3-portes,Armoire pharmacie murale miroir 71 x 61 cm,8,6,https://cdn.shopify.com/s/files/1/0678/1327/7801/files/KxE4f519a2894d793.jpg,false,SWAP_CLEAN
7752207269993,armoire-de-rangement-patio-porte-serviettes-exterieur-rotin,Armoire rangement patio rotin avec tiroir porte-serviettes,7,6,https://cdn.shopify.com/s/files/1/0678/1327/7801/files/O5N7db194961d344d_bcf8ef77-569f-4f8b-9375-ea526e00b32f.jpg,false,SWAP_CLEAN
7752203501673,auto-electrique-12v-2-places-avec-seau-telecommande-et-suspension,Auto électrique 12V deux places avec télécommande,7,,,,STILL_NO_LIFESTYLE
7752186232937,voiture-electrique-enfant-12v-avec-telecommande-parentale,Auto électrique enfant télécommande parentale 12V,14,8,https://cdn.shopify.com/s/files/1/0678/1327/7801/files/dQc539194948c0f87_75d335ce-bbbd-4d5d-ad25-e49e21a86e4d.jpg,false,SWAP_CLEAN
7751785775209,voiture-electrique-police-12v-pour-2-enfants-avec-telecommande,Auto électrique police 2 places 12V,14,14,https://cdn.shopify.com/s/files/1/0678/1327/7801/files/EuCc461977f98de74_041bb281-e8ca-4b53-918e-d492b8881f28.jpg,false,SWAP_CLEAN
7751742423145,auto-electrique-12v-pour-enfants-avec-telecommande-et-suspension,Auto électrique pour enfants 12V avec télécommande,35,,,,STILL_NO_LIFESTYLE
9365263057001,auvent-lateral-retractable-exterieur-polyester,Auvent latéral rétractable 300 x 200 cm extérieur polyester,14,7,https://cdn.shopify.com/s/files/1/0678/1327/7801/files/I4D16b1948d75b909_0982c8c0-e459-4cd5-8115-7b4c8f85d34b.jpg,false,SWAP_CLEAN
7752181940329,auvent-retractable-en-aluminium-pour-patio-et-terrasse,Auvent rétractable patio aluminum réglable,7,7,https://cdn.shopify.com/s/files/1/0678/1327/7801/files/Oe6aca19493af7e87.jpg,false,SWAP_CLEAN
9376661635177,bac-compost-exterieur-grande-capacite-302l,Bac à compost extérieur grande capacité 302 L,7,,,,STILL_NO_LIFESTYLE
7736563073129,bac-a-jardin-sureleve-174x90x70cm-acier-avec-couverture-gris,Bac à jardinage surélevé acier galvanisé avec couvercle,14,14,https://cdn.shopify.com/s/files/1/0678/1327/7801/files/X9j77919c4865e608.jpg,false,SWAP_CLEAN
7788348506217,bac-a-jardinage-sureleve-1-piece-jardiniere-pp-sur-pattes,Bac à jardinage surélevé polypropylène avec pieds,7,7,https://cdn.shopify.com/s/files/1/0678/1327/7801/files/fqA7861948860f1b7_9fcc5289-fa6e-47b3-b51b-f1fcc896dccb.jpg,false,SWAP_CLEAN
7798393962601,bac-a-jardin-sureleve-en-acier-galvanise-122x122x30cm,Bac de jardinage surélevé 120 x 120 x 30 cm acier galvanisé,7,7,https://cdn.shopify.com/s/files/1/0678/1327/7801/files/GLPc0719b8ca5c3a3_91506161-cca1-423c-86a6-1c28a89fef7c.jpg,false,SWAP_CLEAN
7736572117097,bac-sureleve-galvanise-avec-treillis-110x41x178cm,Bac de jardinage surélevé avec treillis 109 x 41 x 178 cm,42,8,https://cdn.shopify.com/s/files/1/0678/1327/7801/files/FJjb5519b933128f9.jpg,false,SWAP_CLEAN
7736543412329,bac-sureleve-240x80x45cm-acier-galvanise,Bac de jardinage surélevé galvanisé 240 x 80 x 45 cm,49,8,https://cdn.shopify.com/s/files/1/0678/1327/7801/files/3yz2cb19493f78bc4.jpg,false,SWAP_CLEAN
7798394617961,bac-sureleve-en-acier-galvanise-241cm-x-91cm-x-30cm,Bac de jardinage surélevé galvanisé 241 x 91 x 30 cm,14,14,https://cdn.shopify.com/s/files/1/0678/1327/7801/files/9hkf2e196b3bba15e.jpg,false,SWAP_CLEAN
7736544297065,bac-de-jardinage-sureleve-61cm-profond-acier-galvanise-220cm,Bac de jardinage surélevé galvanisé 61 cm profond,28,8,https://cdn.shopify.com/s/files/1/0678/1327/7801/files/9jU53419d25f452cb.jpg,false,SWAP_CLEAN
7736540561513,bac-sureleve-240x120x60cm-jardiniere-galvanisee-noire,Bac de jardinage surélevé galvanisé extra profond 240x120x60cm,49,21,https://cdn.shopify.com/s/files/1/0678/1327/7801/files/0eM4ba19c59fed742_43f33d5b-aa53-4ddb-982c-6813c11cc9c0.jpg,false,SWAP_CLEAN
9372965372009,bac-jardinage-sureleve-pliable-bois,Bac de jardinage surélevé pliable en bois,7,5,https://cdn.shopify.com/s/files/1/0678/1327/7801/files/u1Xf78194932e9101.jpg,false,SWAP_CLEAN
7736542429289,bac-sureleve-galvanise-240x40x45cm-jardin-exterieur,Bac surélevé galvanisé renforcé 244 x 40 x 45 cm,49,8,https://cdn.shopify.com/s/files/1/0678/1327/7801/files/Jlid4e19c5a199735.jpg,false,SWAP_CLEAN
9365038989417,bain-oiseaux-decoratif-fleur-de-lys-resine,Bain d'oiseaux décoratif 69 cm fleur de lys résine,7,7,https://cdn.shopify.com/s/files/1/0678/1327/7801/files/6VR719197709783c7_771a29c8-8dcd-4842-b1d2-63d895877816.jpg,false,SWAP_CLEAN
7793456250985,balancoire-de-patio-3-places-avec-auvent-ajustable,Balancelle de patio 3 places avec auvent ajustable,14,14,https://cdn.shopify.com/s/files/1/0678/1327/7801/files/wi840319e4a6c223e.jpg,false,SWAP_CLEAN
9367414833257,balancoire-bascule-2-en-1-enfants,Balançoire à bascule 2 en 1 pour enfants,7,,,,STILL_NO_LIFESTYLE
9367231135849,balancoire-a-bascule-enfant-forme-cerf,Balançoire à bascule pour enfants en forme de cerf,7,7,https://cdn.shopify.com/s/files/1/0678/1327/7801/files/qL546b19493534a09_9ef507bd-d107-474e-9bfc-dd0551e79650.jpg,false,SWAP_CLEAN
9371096744041,balancoire-patio-3-places-auvent-plateaux-lateraux,Balançoire de patio 3 places avec auvent et plateaux latéraux,7,6,https://cdn.shopify.com/s/files/1/0678/1327/7801/files/rKna28194971e8976.jpg,false,SWAP_CLEAN
9369986367593,balancoire-patio-3-places-auvent-rotin,Balançoire de patio 3 places avec auvent et rotin,7,6,https://cdn.shopify.com/s/files/1/0678/1327/7801/files/Oz2f1319490bf55c7.jpg,false,SWAP_CLEAN
7798393077865,banc-de-jardin-rustique-42-avec-roues-de-chariot-en-bois-de-sapin,Banc de jardin roues de chariot bois sapin rustique 107 cm,7,3,https://cdn.shopify.com/s/files/1/0678/1327/7801/files/rgo04619496f9d3b5_91002065-3ebf-4e6e-a59a-85b2709a62d7.jpg,true,SWAP_TEXT
7752241971305,banc-bascule-exterieur-2-places-chaise-glissiere-patio-metal,Banc planeur extérieur 2 places mécanisme glissement,14,,,,STILL_NO_LIFESTYLE
7750882852969,bbq-au-gaz-portable-3-bruleurs-gril-de-table-camping,Barbecue à gaz portable 3 brûleurs de table,14,3,https://cdn.shopify.com/s/files/1/0678/1327/7801/files/5HDad1194407fa212.jpg,true,SWAP_TEXT
7750885179497,bbq-au-propane-4-1-bruleurs-avec-bruleur-lateral-et-rangement,Barbecue à gaz propane 5 brûleurs portable avec réchaud latéral,7,5,https://cdn.shopify.com/s/files/1/0678/1327/7801/files/7G6a901961057f169.jpg,true,SWAP_TEXT
9359653765225,barbecue-charbon-portable-pliant,Barbecue au charbon portable avec bassin amovible pliant,7,7,https://cdn.shopify.com/s/files/1/0678/1327/7801/files/6tE75b19c459bea47.jpg,false,SWAP_CLEAN
7750892748905,bbq-au-charbon-avec-hauteur-ajustable-et-roulettes-portables,Barbecue au charbon portable avec hauteur ajustable,14,8,https://cdn.shopify.com/s/files/1/0678/1327/7801/files/sFnb0519df6f1f129.jpg,false,SWAP_CLEAN
7750878134377,bbq-au-propane-40-000-btu-4-bruleurs-bruleur-lateral,Barbecue au propane 4 brûleurs avec brûleur latéral 40000 BTU,7,,,,STILL_NO_LIFESTYLE
9359654092905,barbecue-charbon-portable-pliable-table,Barbecue Charbon Portable Pliable Table 59x43x39cm,7,7,https://cdn.shopify.com/s/files/1/0678/1327/7801/files/0Qc6ff1980d83e217_ddf5de15-1ab4-4329-9a1a-71c520de555c.jpg,false,SWAP_CLEAN
7788349423721,barriere-pour-animaux-autoportante-en-bois-avec-2-pieds-support,Barrière pliante en bois avec pieds de support,7,7,https://cdn.shopify.com/s/files/1/0678/1327/7801/files/PYU6ce19496660f3b_723d07f6-515b-4bb1-b294-724a7dd752e8.jpg,false,SWAP_CLEAN
7752238694505,barriere-pour-chat-extra-haute-150cm-porte-ajustable-76-104cm,Barrière pour animaux extra haute 150 cm avec extensions,14,8,https://cdn.shopify.com/s/files/1/0678/1327/7801/files/WnL4f7193d6365d93.jpg,false,SWAP_CLEAN
7752240431209,barriere-extra-large-76-131cm-avec-porte-chien-89cm-hauteur,Barrière pour animaux extra large 76-131 cm avec porte,14,8,https://cdn.shopify.com/s/files/1/0678/1327/7801/files/BON497195b9b941cd.jpg,false,SWAP_CLEAN
7752236630121,cadre-de-lit-queen-en-metal-avec-tete-de-lit-et-rangement,Base de lit plateforme queen en métal avec tête,14,8,https://cdn.shopify.com/s/files/1/0678/1327/7801/files/1Ve68b1965dd79a0c.jpg,false,SWAP_CLEAN
9365034139753,base-parasol-4-pieces-deporte,Base de parasol 4 pièces pour parasol déporté,7,6,https://cdn.shopify.com/s/files/1/0678/1327/7801/files/K1ide019a28947d85.jpg,false,SWAP_CLEAN
9365263122537,base-parasol-remplissable-robuste-acier,Base de parasol ronde remplissable robuste en acier,7,6,https://cdn.shopify.com/s/files/1/0678/1327/7801/files/Si66d91932ae7df88.jpg,false,SWAP_CLEAN
7750892683369,bbq-au-charbon-avec-plateau-ajustable-et-coque-galvanisee,BBQ au charbon avec fumoir et ajustement thermique,7,6,https://cdn.shopify.com/s/files/1/0678/1327/7801/files/uapb0018d7d812cb1_5b97fc71-dae0-454a-ae46-8cce223754c5.jpg,true,SWAP_TEXT
9365039087721,bbq-charbon-fumoir-offset-portable,BBQ au charbon avec fumoir offset portable 124cm,7,5,https://cdn.shopify.com/s/files/1/0678/1327/7801/files/0uUca3196dd7aaa98.jpg,true,SWAP_TEXT
7750893600873,bbq-au-charbon-avec-tablettes-pliantes-et-thermometre,BBQ au charbon avec tablettes pliables et roulettes,7,,,,STILL_NO_LIFESTYLE
7750892814441,bbq-au-charbon-avec-thermometre-et-roulettes,BBQ au charbon avec thermomètre et roues,7,7,https://cdn.shopify.com/s/files/1/0678/1327/7801/files/XaPff0194f4be9244.jpg,false,SWAP_CLEAN
7750893437033,bbq-au-charbon-pliable-avec-grille-de-rechauffage-et-thermometre,BBQ au charbon pliable avec grille de réchauffage,7,7,https://cdn.shopify.com/s/files/1/0678/1327/7801/files/kcA88119d3b6a1bbe.jpg,false,SWAP_CLEAN
9359653372009,bbq-charbon-portable-roues,BBQ au charbon portable avec couvercle et roues,7,5,https://cdn.shopify.com/s/files/1/0678/1327/7801/files/CmC5a119d465d425a_798ad66f-5ee9-475c-b5c2-04a4f0463543.jpg,true,SWAP_TEXT
7750890848361,bbq-au-charbon-avec-grille-rechaud-et-tablette-rangement-portable,BBQ au charbon portable avec grille réchaud et tablette,7,5,https://cdn.shopify.com/s/files/1/0678/1327/7801/files/n6N94318b185091d6_443360ab-85ba-407f-b55e-f7a1e87f65cd.jpg,true,SWAP_TEXT
7750889996393,bbq-au-propane-3-bruleurs-avec-bruleur-lateral-36-000-btu,BBQ au propane 3 brûleurs avec brûleur latéral 36000 BTU,7,5,https://cdn.shopify.com/s/files/1/0678/1327/7801/files/ekm38d19d0443d772.jpg,true,SWAP_TEXT
7750878036073,bbq-au-propane-4-1-bruleurs-en-acier-au-carbone,BBQ au Propane 4 Brûleurs avec Brûleur Latéral,7,7,https://cdn.shopify.com/s/files/1/0678/1327/7801/files/wre3da1948c2c0d55_a7bf7a4d-47ff-4e9e-9ec6-14890ffefaf7.jpg,false,SWAP_CLEAN
7750878068841,bbq-au-propane-2-bruleurs-grill-portable-patio,BBQ au propane portable 2 brûleurs pattes pliantes,14,7,https://cdn.shopify.com/s/files/1/0678/1327/7801/files/ejc7da1948c2c0e64.jpg,false,SWAP_CLEAN
7750892879977,bbq-au-charbon-portable-avec-roues-et-tablette-laterale,BBQ charbon portable acier inoxydable avec roues et tablette,7,,,,STILL_NO_LIFESTYLE
9359656222825,bbq-charbon-trolley-tablettes-roues,BBQ charbon trolley avec tablettes latérales et roues,7,7,https://cdn.shopify.com/s/files/1/0678/1327/7801/files/LDZ9c119495f98a2c_0ab6c881-d660-4870-9b84-2ddabf134dba.jpg,false,SWAP_CLEAN
7750892716137,bbq-fumoir-au-charbon-420-po-avec-roues-et-ramasse-cendres,BBQ fumoir charbon 420 po² avec roues,7,7,https://cdn.shopify.com/s/files/1/0678/1327/7801/files/cBibb919e2bd74006.jpg,false,SWAP_CLEAN
9359653994601,bbq-portable-charbon-fumoir-offset,BBQ portable au charbon avec fumoir offset,7,5,https://cdn.shopify.com/s/files/1/0678/1327/7801/files/uJ711f1953e20903a.jpg,true,SWAP_TEXT
9359653503081,bbq-portable-charbon-paniers-rangement,BBQ Portable au Charbon avec Paniers de Rangement,14,7,https://cdn.shopify.com/s/files/1/0678/1327/7801/files/O7Ocda19486850b80.jpg,false,SWAP_CLEAN
7750892847209,barbecue-charbon-rotissoire-3-niveaux-acier-inoxydable,BBQ Rôtissoire Charbon 3 Niveaux Acier Inoxydable,7,6,https://cdn.shopify.com/s/files/1/0678/1327/7801/files/hh4031194942eedc3_30267161-3089-457a-89ab-0055f6bf86f1.jpg,false,SWAP_CLEAN
9367233888361,blocs-jeu-mousse-douce-12-pieces,Blocs de jeu en mousse douce 12 pièces,7,,,,STILL_NO_LIFESTYLE
7752188985449,buffet-avec-tiroirs-et-portes-rangement-cuisine-design,Buffet laqué avec tiroirs et portes push-open,7,7,https://cdn.shopify.com/s/files/1/0678/1327/7801/files/cca19a196b423c6a6_1c561bba-d482-4635-b1ca-ffdd07458b6a.jpg,false,SWAP_CLEAN
7752182300777,bureau-dangle-rotatif-180-avec-rangement,Bureau d'angle rotatif 180° avec rangements,14,8,https://cdn.shopify.com/s/files/1/0678/1327/7801/files/q6R67819493b012dd_62a3b2ca-df68-4da7-b335-c2cef58e5e11.jpg,false,SWAP_CLEAN
7751783284841,bureau-dordinateur-dangle-55-rotatif-360-poste-de-travail,Bureau d'angle rotatif 360° avec étagères 3 niveaux,7,6,https://cdn.shopify.com/s/files/1/0678/1327/7801/files/Gkp915198a3c0baf2.jpg,false,SWAP_CLEAN
7752184201321,bureau-dordinateur-120cm-avec-etageres-et-tiroirs,Bureau d'ordinateur 3 tiroirs et étagères réversibles 119 cm,14,6,https://cdn.shopify.com/s/files/1/0678/1327/7801/files/ERr6ca19e0047b3cc.jpg,false,SWAP_CLEAN
7752184365161,bureau-dangle-en-l-119-cm-rotatif-360-table-de-travail-reversible,Bureau en L rotatif 360° avec rangement,7,6,https://cdn.shopify.com/s/files/1/0678/1327/7801/files/gLC9ab19496b067b9.jpg,false,SWAP_CLEAN
7752180269161,bureau-dordinateur-119-cm-avec-tiroirs-et-classeur-mobile,Bureau informatique tiroirs amovibles 47 po,14,7,https://cdn.shopify.com/s/files/1/0678/1327/7801/files/5zw4b619bda64b165_9fe6bf4e-7249-4b0f-8d09-9a5197478c04.jpg,false,SWAP_CLEAN
7752205074537,cage-decorative-table-dappoint-pour-chiens-moyens-et-grands,Cage chien table d'appoint coussin résistant à l'eau,14,8,https://cdn.shopify.com/s/files/1/0678/1327/7801/files/mvE79619d51306b3b.jpg,false,SWAP_CLEAN
7751781220457,cage-pour-chien-104cm-acier-robuste-avec-roues,Cage pour chien en acier robuste 104 cm avec roulettes,21,7,https://cdn.shopify.com/s/files/1/0678/1327/7801/files/jzd6b9194932e8ed6_c90afe7a-f76e-4ac0-a4ee-896915b2d2a5.jpg,false,SWAP_CLEAN
7752239251561,camionnette-electrique-12v-pour-enfants-avec-telecommande,Camion électrique 12V télécommandé pour enfants avec suspension,28,14,https://cdn.shopify.com/s/files/1/0678/1327/7801/files/gx8bab194932e8938.jpg,false,SWAP_CLEAN
9367413948521,camion-benne-electrique-12v-enfant-benne-basculante,Camion-benne électrique pour enfants 12V avec benne basculante,7,7,https://cdn.shopify.com/s/files/1/0678/1327/7801/files/uju70f19493781d64.jpg,false,SWAP_CLEAN
7750488948841,canape-2-places-avec-accoudoirs-et-pattes-en-bois-lin,Canapé 2 places avec accoudoirs et pieds en bois,7,6,https://cdn.shopify.com/s/files/1/0678/1327/7801/files/vRR296194f3083b97.jpg,false,SWAP_CLEAN
7798399205481,causeuse-2-places-sofa-rembourre-pour-salon-et-chambre,Canapé 2 Places Capitonné pour Salon et Chambre,7,6,https://cdn.shopify.com/s/files/1/0678/1327/7801/files/hf370d19564649214.jpg,false,SWAP_CLEAN
7751702872169,canape-2-places-sofa-rembourre-avec-pattes-en-bois,Canapé 2 places compact rembourré avec pieds en bois,7,7,https://cdn.shopify.com/s/files/1/0678/1327/7801/files/hi12341973fc70b00.jpg,false,SWAP_CLEAN
7798399336553,canape-2-places-140-cm-cuir-pu-et-pieds-bois-massif,Canapé 2 places cuir PU avec pieds bois,14,8,https://cdn.shopify.com/s/files/1/0678/1327/7801/files/TTSed41989164d3b2.jpg,false,SWAP_CLEAN
7752238432361,canape-2-places-moderne-velours-cotele-et-pieds-en-bois,Canapé 2 places moderne rembourré pattes bois caoutchouc,21,8,https://cdn.shopify.com/s/files/1/0678/1327/7801/files/Kfwcba197ad831aa5.jpg,false,SWAP_CLEAN
7750489931881,canape-2-places-moderne-mousse-haute-resilience-et-capitonne,Canapé 2 places moderne velours capitonné,14,8,https://cdn.shopify.com/s/files/1/0678/1327/7801/files/OPJ55819861c1e119.jpg,false,SWAP_CLEAN
7750489833577,canape-3-places-avec-ports-usb-et-porte-gobelets,Canapé 3 places avec ports USB et porte-gobelets,14,8,https://cdn.shopify.com/s/files/1/0678/1327/7801/files/GN6b7b199c9b78d9c.jpg,false,SWAP_CLEAN
7750489505897,canape-3-places-259-cm-chenille-avec-ressorts-et-coussins-mousse,Canapé 3 places chenille à ressorts haute densité,7,7,https://cdn.shopify.com/s/files/1/0678/1327/7801/files/6PG00c19d709f338f.jpg,false,SWAP_CLEAN
7750874169449,canape-3-places-moderne-ressorts-ensaches-et-lin,Canapé 3 places moderne avec ressorts ensachés en lin,14,7,https://cdn.shopify.com/s/files/1/0678/1327/7801/files/kEV7901961fb69833_a8770c3a-c752-4b5c-a697-b25be7ab5522.jpg,false,SWAP_CLEAN
7750489899113,canape-3-places-188cm-velours-cotele-avec-coussins-ressorts,Canapé 3 places moderne velours côtelé coussins ressorts,14,7,https://cdn.shopify.com/s/files/1/0678/1327/7801/files/3vo3b119d3b6a1ca6.jpg,false,SWAP_CLEAN
7750489800809,sofa-3-places-en-velours-avec-ressorts-et-coussins,Canapé 3 places velours avec ressorts et coussins,14,7,https://cdn.shopify.com/s/files/1/0678/1327/7801/files/9y088819d3ebcd889.jpg,false,SWAP_CLEAN
7750874005609,canape-de-patio-3-places-en-aluminium-avec-coussins-1,Canapé de patio 3 places aluminium avec coussins — foncé,7,7,https://cdn.shopify.com/s/files/1/0678/1327/7801/files/3q54e719494416000_48ebfd3d-f2fa-4e77-963d-02572ef8f4c1.jpg,false,SWAP_CLEAN
7750489440361,canape-de-patio-3-places-en-rotin-pe-avec-coussins-profonds,Canapé de patio 3 places avec coussins profonds — kaki,7,,,,STILL_NO_LIFESTYLE
7750489735273,canape-de-patio-3-places-en-rotin-avec-tablettes-laterales,Canapé de patio 3 places avec plateaux latéraux,14,8,https://cdn.shopify.com/s/files/1/0678/1327/7801/files/4tSeb71949454fd4e.jpg,false,SWAP_CLEAN
7750890356841,canape-dexterieur-3-places-en-rotin-pe-meuble-de-patio,Canapé de patio 3 places en rotin tressé,41,8,https://cdn.shopify.com/s/files/1/0678/1327/7801/files/9cA497195234e2fa9.jpg,false,SWAP_CLEAN
7750489702505,canape-exterieur-2-places-siege-profond-avec-coussins,Canapé extérieur 2 places avec coussins épais — Foncé,7,,,,STILL_NO_LIFESTYLE
7750873940073,canape-dexterieur-2-places-en-rotin-avec-coussins,Canapé extérieur 2 places rotin avec coussins,7,7,https://cdn.shopify.com/s/files/1/0678/1327/7801/files/0mL38019a2893eb63.jpg,false,SWAP_CLEAN
7788350734441,canape-exterieur-3-places-en-rotin-pe-avec-coussins-1,Canapé extérieur 3 places rotin PE avec coussins,14,7,https://cdn.shopify.com/s/files/1/0678/1327/7801/files/rxe3cb19759b9123e.jpg,false,SWAP_CLEAN
7750489571433,canape-patio-2-places-avec-plateau-lateral-acier-polyester,Canapé patio 2 places avec plateau latéral grain de bois,7,7,https://cdn.shopify.com/s/files/1/0678/1327/7801/files/NIp0c31953cd74a2a.jpg,false,SWAP_CLEAN
7752183218281,canape-pour-animaux-avec-rangement-lit-chaise-longue-pour-chien,Canapé pour animaux avec rangement bois naturel,14,8,https://cdn.shopify.com/s/files/1/0678/1327/7801/files/D40913194940b5880.jpg,false,SWAP_CLEAN
7752214184041,canape-pour-chien-grande-taille-avec-housse-lavable,Canapé pour chien grande taille housse lavable,7,7,https://cdn.shopify.com/s/files/1/0678/1327/7801/files/Jle53c19dd38b17bb.jpg,false,SWAP_CLEAN
7752206647401,sofa-sureleve-pour-chien-divan-lavable-en-chenille-avec-pattes-bois,Canapé pour chien surélevé avec coussin lavable,7,7,https://cdn.shopify.com/s/files/1/0678/1327/7801/files/BBZ69219dd413d8f0.jpg,false,SWAP_CLEAN
9359656616041,canape-lit-convertible-3-en-1-usb-2,Canapé-lit convertible 3-en-1 avec chargement USB,21,14,https://cdn.shopify.com/s/files/1/0678/1327/7801/files/58r9ab19bf9554300_e966a935-7951-4968-bc9f-2cdacb412089.jpg,false,SWAP_CLEAN
7751702708329,causeuse-2-places-130-cm-cuir-pu-et-cadre-acier,Causeuse 2 places cuir synthétique 130 cm,14,7,https://cdn.shopify.com/s/files/1/0678/1327/7801/files/eHq2ed19ab8cbf9cc.jpg,false,SWAP_CLEAN
9359653339241,causeuse-moderne-tissu-lin-ressorts,Causeuse 2 places moderne tissu lin avec ressorts,7,7,https://cdn.shopify.com/s/files/1/0678/1327/7801/files/p7L6fe19c6c3b11d0.jpg,false,SWAP_CLEAN
7798399271017,causeuse-134-cm-canape-2-places-velours-pattes-bois,Causeuse 2 places velours pattes bois blanchi 134 cm,14,6,https://cdn.shopify.com/s/files/1/0678/1327/7801/files/Gcp5d119d39cd1483.jpg,false,SWAP_CLEAN
7750489178217,causeuse-2-places-en-rotin-synthetique-pour-patio-exterieur,Causeuse de patio 2 places en rotin avec coussins,7,7,https://cdn.shopify.com/s/files/1/0678/1327/7801/files/Keaa001949567d2da_51dcacc4-2142-4a98-b3bd-92a5638639ea.jpg,false,SWAP_CLEAN
7752240529513,sofa-causeuse-moderne-avec-ressorts-ensaches-et-rembourrage-lin,Causeuse moderne avec ressorts ensachés et rembourrage épais,21,9,https://cdn.shopify.com/s/files/1/0678/1327/7801/files/8SI77c19cd0076570.jpg,false,SWAP_CLEAN
7752225685609,causeuse-vintage-canape-2-places-en-chenille-avec-cadre-eucalyptus,Causeuse vintage rembourée tissu chenille 2 places,7,7,https://cdn.shopify.com/s/files/1/0678/1327/7801/files/0kO47d19ec7f28dad.jpg,false,SWAP_CLEAN
9367415390313,centre-de-jeu-9-en-1-toboggan-tout-petits,Centre de jeu 9-en-1 pour tout-petits avec toboggan,7,7,https://cdn.shopify.com/s/files/1/0678/1327/7801/files/UHted019e457ad589.jpg,false,SWAP_CLEAN
7798394454121,chaise-bascule-exterieure-avec-tissu-respirant-pour-patio,Chaise berçante de patio avec tissu respirant,21,7,https://cdn.shopify.com/s/files/1/0678/1327/7801/files/09yb2e19483a8c00f.jpg,false,SWAP_CLEAN
7752240857193,chaise-bureau-ergonomique-dossier-haut-avec-appui-tete-rotatif,Chaise bureau ergonomique dossier haut appui-tête rotatif,28,8,https://cdn.shopify.com/s/files/1/0678/1327/7801/files/MNJ1af19aa40af06d.jpg,false,SWAP_CLEAN
7751760216169,chaise-de-bureau-de-massage-avec-repose-pieds-ajustable,Chaise bureau massage inclinable avec repose-pieds ajustable,42,9,https://cdn.shopify.com/s/files/1/0678/1327/7801/files/hBg62519d47004b85.jpg,false,SWAP_CLEAN
7751753203817,chaise-de-bureau-en-velours-fauteuil-pivotant-rembourre,Chaise bureau velours style français boutons cristal,7,7,https://cdn.shopify.com/s/files/1/0678/1327/7801/files/Ick3e71949530dbe3_e7eaaf66-5d8c-4d61-98f4-46ec7ac76d01.jpg,false,SWAP_CLEAN
7751782400105,chaise-de-bureau-pivotante-en-cuir-pu-avec-cristaux-decoratifs,Chaise de bureau capitonnée cuir synthétique cristaux décoratifs,14,7,https://cdn.shopify.com/s/files/1/0678/1327/7801/files/xXz88419492f7cd12.jpg,false,SWAP_CLEAN
7752204189801,chaise-de-bureau-haute-en-lin-inclinable-avec-repose-pieds,Chaise de bureau dossier haut inclinable avec repose-pieds,7,,,,STILL_NO_LIFESTYLE
7752223031401,chaise-de-bureau-ergonomique-avec-support-lombaire-4d-et-accoudoirs,Chaise de bureau ergonomique avec support lombaire 4D,21,8,https://cdn.shopify.com/s/files/1/0678/1327/7801/files/9A1b9d19495e604ea.jpg,false,SWAP_CLEAN
7752241283177,chaise-de-bureau-ergonomique-mesh-avec-support-lombaire-ajustable,Chaise de bureau ergonomique avec support lombaire ajustable et appui-tête,21,8,https://cdn.shopify.com/s/files/1/0678/1327/7801/files/VLq83419d3b68f2c9.jpg,false,SWAP_CLEAN
7752241021033,chaise-de-bureau-ergonomique-avec-support-lombaire-ajustable,Chaise de bureau ergonomique avec support lombaire réglable,21,7,https://cdn.shopify.com/s/files/1/0678/1327/7801/files/2Bf1c219d44a2a81a.jpg,false,SWAP_CLEAN
7752240955497,chaise-bureau-ergonomique-maille-respirante-avec-support-lombaire,Chaise de bureau ergonomique mesh avec appui-tête ajustable,21,8,https://cdn.shopify.com/s/files/1/0678/1327/7801/files/Ggice519bf61abca9.jpg,false,SWAP_CLEAN
7752194162793,chaise-de-bureau-mi-hauteur-en-velours-avec-dossier-coquille,Chaise de bureau mi-hauteur velours forme festonnée pivotante,14,7,https://cdn.shopify.com/s/files/1/0678/1327/7801/files/T2caa219d3ea185fd.jpg,false,SWAP_CLEAN
7752239087721,chaise-de-bureau-sans-accoudoirs-hauteur-ajustable-et-fonction-dinclinaison,Chaise de bureau sans accoudoirs croisillons réglable pivotante,21,9,https://cdn.shopify.com/s/files/1/0678/1327/7801/files/drT76219b56b107b0.jpg,false,SWAP_CLEAN
7752241578089,chaise-de-bureau-sans-accoudoirs-hauteur-ajustable-avec-dossier,Chaise de bureau sans accoudoirs pivotante hauteur ajustable,21,8,https://cdn.shopify.com/s/files/1/0678/1327/7801/files/YJd29319c0461ebc5.jpg,false,SWAP_CLEAN
7751754481769,chaise-de-bureau-velours-hauteur-ajustable-avec-roulettes,Chaise de bureau velours capitonnée réglable pivotante,14,8,https://cdn.shopify.com/s/files/1/0678/1327/7801/files/6Ju18a191501504a3.jpg,false,SWAP_CLEAN
9365035319401,chaise-camping-pliable-portable-legere,Chaise de camping pliable portable légère tissu Oxford,7,6,https://cdn.shopify.com/s/files/1/0678/1327/7801/files/Xnb5bd19495e75a1d.jpg,false,SWAP_CLEAN
9376663273577,chaise-hamac-macrame-suspendue-2-coussins,Chaise hamac suspendue en macramé avec 2 coussins,7,7,https://cdn.shopify.com/s/files/1/0678/1327/7801/files/JqE68019490f656af_1ecbde93-60e5-4401-975e-cee2fb762eb5.jpg,false,SWAP_CLEAN
9372965961833,chaise-longue-aluminium-patio-dossier-5-niveaux,Chaise longue de patio en aluminium à dossier 5 niveaux,7,7,https://cdn.shopify.com/s/files/1/0678/1327/7801/files/ZVNa6a19c2c9ce028.jpg,false,SWAP_CLEAN
9376663371881,chaise-longue-double-parasol-roulettes,Chaise longue double avec parasol et roulettes,7,5,https://cdn.shopify.com/s/files/1/0678/1327/7801/files/mcEe56194965636fa.jpg,false,SWAP_CLEAN
9371851292777,chaise-longue-inclinable-pliante-remboursee-repose-pieds,Chaise longue inclinable pliante avec repose-pieds rembourrée,7,5,https://cdn.shopify.com/s/files/1/0678/1327/7801/files/jqGb8919c220f15df.jpg,false,SWAP_CLEAN
7752226734185,chaise-longue-inclinable-en-rotin-tresse-pour-patio,Chaise longue inclinable rotin avec dossier ajustable,28,7,https://cdn.shopify.com/s/files/1/0678/1327/7801/files/D7rafa1949553736d_83f06544-5ccf-4221-8e6e-6bece164f78c.jpg,false,SWAP_CLEAN
9365262860393,chaise-longue-pliable-trou-visage,Chaise longue pliable avec trou visage 3 positions,7,7,https://cdn.shopify.com/s/files/1/0678/1327/7801/files/5Hof3e196c1fa40bb.jpg,false,SWAP_CLEAN
7793455792233,chaise-longue-pliante-avec-trou-visage-transat-ajustable,Chaise longue pliante 5 positions avec trou visage,28,,,,STILL_NO_LIFESTYLE
9376663044201,chaises-longues-pliantes-auvent-5-positions-ensemble-2,Chaise longue pliante avec auvent 5 positions — ensemble de 2,7,3,https://cdn.shopify.com/s/files/1/0678/1327/7801/files/RBK91019c4b4b3628.jpg,true,SWAP_TEXT
9365036466281,chaise-longue-pliante-auvent-ajustable,Chaise longue pliante avec auvent ajustable 4 positions,7,7,https://cdn.shopify.com/s/files/1/0678/1327/7801/files/cUX5fd19d37c53486.jpg,false,SWAP_CLEAN
7751757135977,chaise-longue-pliante-avec-dossier-inclinable-4-positions,Chaise longue pliante avec dossier inclinable,7,,,,STILL_NO_LIFESTYLE
9371100840041,chaise-longue-pliante-trou-facial-5-positions,Chaise longue pliante avec trou facial 5 positions,21,,,,STILL_NO_LIFESTYLE
7798393012329,chaise-longue-pliante-avec-trou-facial-bain-de-soleil-ajustable,Chaise longue pliante avec trou visage ajustable,49,8,https://cdn.shopify.com/s/files/1/0678/1327/7801/files/Bf8daa19496d58e03_519048d9-21aa-4698-b4b5-4e24ce4bd83b.jpg,false,SWAP_CLEAN
7798393143401,chaise-longue-pliante-transat-reglable-avec-oreiller-amovible,Chaise longue pliante dossier ajustable 5 positions,7,7,https://cdn.shopify.com/s/files/1/0678/1327/7801/files/sth28219e087212ab.jpg,false,SWAP_CLEAN
9371859452009,chaise-longue-pliante-bois-acacia-avec-coussin,Chaise longue pliante en bois d'acacia avec coussin,7,7,https://cdn.shopify.com/s/files/1/0678/1327/7801/files/0t290c19d73bb5e03.jpg,false,SWAP_CLEAN
9365262991465,chaise-longue-pliante-exterieure-ajustable,Chaise longue pliante extérieure dossier ajustable 5 positions,14,8,https://cdn.shopify.com/s/files/1/0678/1327/7801/files/7HJd711915015049e.jpg,false,SWAP_CLEAN
7798395011177,chaise-longue-pliante-avec-dossier-inclinable-4-positions-3,Chaise longue pliante inclinable 4 positions avec coussin,7,6,https://cdn.shopify.com/s/files/1/0678/1327/7801/files/waga4f196add9d4d7_7a0bf793-471a-43af-8239-13d58566f262.jpg,true,SWAP_TEXT
9365039448169,chaise-longue-pliante-reglable-appui-tete,Chaise longue pliante réglable avec appui-tête,7,7,https://cdn.shopify.com/s/files/1/0678/1327/7801/files/ATw51619dcf2658be.jpg,false,SWAP_CLEAN
9373970694249,chaises-longues-zero-gravite-table-laterale-ensemble-2,Chaise longue zéro gravité avec table latérale — Ensemble 2,7,6,https://cdn.shopify.com/s/files/1/0678/1327/7801/files/6N1a9219db0c7cfad.jpg,false,SWAP_CLEAN
9373971218537,chaise-longue-zero-gravite-pliante-coussin-amovible,Chaise longue zéro gravité pliante avec coussin amovible,21,21,https://cdn.shopify.com/s/files/1/0678/1327/7801/files/af0f1819493e74ae5.jpg,false,SWAP_CLEAN
9365034336361,chaise-pliante-6-places-porte-gobelets,Chaise pliante 6 places avec porte-gobelets et étui,7,6,https://cdn.shopify.com/s/files/1/0678/1327/7801/files/zuW32e19492d42b86.jpg,false,SWAP_CLEAN
7752195014761,chaises-de-salle-a-manger-modernes-ensemble-de-4-rembourrees,Chaises de salle à manger rembourrées ensemble de 4,7,6,https://cdn.shopify.com/s/files/1/0678/1327/7801/files/SNdec319d46081579_d454446c-38f7-462c-bae5-c2bbacd664f2.jpg,false,SWAP_CLEAN
7752234795113,ensemble-4-chaises-de-salle-a-manger-rembourrees-avec-pieds-acier,Chaises de salle à manger rembourrées ensemble de 4,14,5,https://cdn.shopify.com/s/files/1/0678/1327/7801/files/6Emf7f19a28944b80_15e420f3-6c55-45a0-9cc3-6aa348e32cb0.jpg,false,SWAP_CLEAN
9365039153257,chaises-longues-pliantes-ensemble-2-pieces-oreiller,Chaises longues pliantes extérieures ensemble 2 pièces avec oreiller,14,,,,STILL_NO_LIFESTYLE
7793456480361,ensemble-de-2-chaises-zero-gravite-pliantes-avec-porte-gobelet,Chaises longues zéro gravité pliantes ensemble de 2,7,,,,STILL_NO_LIFESTYLE
9367416569961,chaises-pliantes-patio-accoudoirs-lot-2,Chaises pliantes de patio avec accoudoirs lot de 2,14,7,https://cdn.shopify.com/s/files/1/0678/1327/7801/files/IEK786195f6985fc7_1ab52236-6c82-414e-b429-5ff249e77a8c.jpg,false,SWAP_CLEAN
9371852243049,chaises-pliantes-rembourrees-lin-synthetique-lot-4,Chaises pliantes rembourrées en lin synthétique — lot de 4,7,7,https://cdn.shopify.com/s/files/1/0678/1327/7801/files/VZg655197d57243db.jpg,false,SWAP_CLEAN
9359738568809,chariot-kayak-pliable-90kg,Chariot à kayak pliable capacité 90kg roues 25cm,28,15,https://cdn.shopify.com/s/files/1/0678/1327/7801/files/xwO7ff1915015033c.jpg,false,SWAP_CLEAN
7750893633641,chariot-bbq-2-etages-avec-support-boissons-et-crochets,Chariot BBQ 2 étages avec support boissons et crochets,7,7,https://cdn.shopify.com/s/files/1/0678/1327/7801/files/V4i7f319ca043baf2.jpg,false,SWAP_CLEAN
9371101495401,chariot-kayak-aluminium-largeur-ajustable,Chariot de kayak aluminium à largeur ajustable,7,6,https://cdn.shopify.com/s/files/1/0678/1327/7801/files/yC79b719496f8ae7e.jpg,false,SWAP_CLEAN
9365035548777,chateau-gonflable-4-en-1-glissade-piscine,Château gonflable 4 en 1 avec glissade et piscine,7,,,,STILL_NO_LIFESTYLE
9367414931561,chateau-gonflable-4-en-1-trampoline-glissoire-piscine,"Château gonflable 4 en 1 avec trampoline, glissoire et piscine",7,,,,STILL_NO_LIFESTYLE
9367323050089,chateau-gonflable-6-en-1-trampoline-glissade-piscine,"Château gonflable 6 en 1 avec trampoline, glissade et piscine",7,,,,STILL_NO_LIFESTYLE
9367319117929,cheval-bascule-peluche-sons-realistes,Cheval à bascule en peluche avec sons réalistes,7,7,https://cdn.shopify.com/s/files/1/0678/1327/7801/files/VQI04119149b06177.jpg,false,SWAP_CLEAN
9372965601385,classeur-vertical-3-tiroirs-verrouillable-acier,Classeur vertical 3 tiroirs verrouillable en acier,7,6,https://cdn.shopify.com/s/files/1/0678/1327/7801/files/KqJ7d4194940b46f4.jpg,false,SWAP_CLEAN
9364960641129,climatiseur-portable-5-en-1-14000-btu-wifi,Climatiseur portable 5-en-1 14000 BTU WiFi,8,8,https://cdn.shopify.com/s/files/1/0678/1327/7801/files/Loqa8b19e211c8517.jpg,false,SWAP_CLEAN
7798394355817,climatiseur-portable-8000-btu-345-pi-avec-deshumidificateur-1,Climatiseur portable 8000 BTU 345 pi² déshumidificateur,14,14,https://cdn.shopify.com/s/files/1/0678/1327/7801/files/X5N17819e27711e3c.jpg,false,SWAP_CLEAN
9364961919081,climatiseur-portable-8000-btu-deshumidificateur,Climatiseur portable 8000 BTU avec déshumidificateur et télécommande,7,7,https://cdn.shopify.com/s/files/1/0678/1327/7801/files/IuQ5a119a28942c9d.jpg,false,SWAP_CLEAN
9371101266025,climatiseur-portatif-8000-btu-4-fonctions-minuterie,Climatiseur portatif 8 000 BTU 4 fonctions avec minuterie,7,7,https://cdn.shopify.com/s/files/1/0678/1327/7801/files/Zf7c1e197c140a7ea.jpg,false,SWAP_CLEAN
9364962771049,climatiseur-portatif-ventilateur-ensemble-8000-btu,Climatiseur portatif et ventilateur ensemble 8000 BTU 344 pi²,7,2,https://cdn.shopify.com/s/files/1/0678/1327/7801/files/faAd0a18f72419b7e.jpg,true,SWAP_TEXT
7798394880105,coffre-de-terrasse-28-gallons-en-resine-avec-poignees,Coffre de rangement extérieur étanche 106 litres,7,7,https://cdn.shopify.com/s/files/1/0678/1327/7801/files/776dec1951f3a4e3b_5a56f685-c0dc-4378-92ab-a2ab70e38abb.jpg,false,SWAP_CLEAN
7752237121641,table-de-maquillage-avec-miroir-led-et-tiroirs-pour-chambre,Coiffeuse avec miroir éclairé LED et tiroirs,14,7,https://cdn.shopify.com/s/files/1/0678/1327/7801/files/w2284a1978c93b3cb.jpg,false,SWAP_CLEAN
7752198914153,coiffeuse-avec-miroir-rabattable-et-tabouret-meuble-maquillage,Coiffeuse avec miroir rabattable et tabouret,7,6,https://cdn.shopify.com/s/files/1/0678/1327/7801/files/fOZ25e1964be5a130.jpg,false,SWAP_CLEAN
7752190197865,coiffeuse-moderne-avec-miroir-rabattable-et-tabouret-rembourre,Coiffeuse avec miroir rabattable et tabouret rembourré,7,7,https://cdn.shopify.com/s/files/1/0678/1327/7801/files/Aih59619623035648_120429a4-5f5c-48ce-9a8d-36a684f2a30f.jpg,false,SWAP_CLEAN
7752236957801,table-de-maquillage-pour-enfants-avec-miroir-tabouret-et-tiroirs,Coiffeuse enfant avec miroir et tabouret 4 tiroirs,7,7,https://cdn.shopify.com/s/files/1/0678/1327/7801/files/OFH13519488182ea1.jpg,false,SWAP_CLEAN
7752228733033,coiffeuse-avec-miroir-et-tabouret-design-nuage-pour-enfants-3-6-ans,Coiffeuse enfant avec miroir et tabouret design nuage,7,,,,STILL_NO_LIFESTYLE
9367403298921,coiffeuse-enfant-tabouret-miroirs,Coiffeuse enfant avec tabouret et miroirs,7,7,https://cdn.shopify.com/s/files/1/0678/1327/7801/files/Lx783f1949342ed6c_56d9d484-0bd3-417c-8f26-87917ea22b3a.jpg,false,SWAP_CLEAN
7752213004393,table-de-maquillage-pour-enfants-avec-tabouret-et-miroirs,Coiffeuse enfant avec tabouret et miroirs pliants,7,7,https://cdn.shopify.com/s/files/1/0678/1327/7801/files/0afc4c1974efe5572_160d1133-b1f0-4abb-afe6-757717264ea2.jpg,false,SWAP_CLEAN
7752231059561,table-de-maquillage-eclairee-avec-miroir-led-et-3-tiroirs,Coiffeuse illuminée avec miroir LED et 3 tiroirs,14,7,https://cdn.shopify.com/s/files/1/0678/1327/7801/files/bL77be18f5da82cf4.jpg,false,SWAP_CLEAN
9367417225321,composteur-rotatif-double-chambre-43-gallons,Composteur rotatif double chambre 43 gallons,7,7,https://cdn.shopify.com/s/files/1/0678/1327/7801/files/DUwd93194930aac01.jpg,false,SWAP_CLEAN
7788348538985,congelateur-compact-1-1-pi-porte-reversible-et-tablette-amovible,"Congélateur compact vertical 1,1 pi³ avec porte réversible",35,28,https://cdn.shopify.com/s/files/1/0678/1327/7801/files/XVg4a71969eedf051_88378766-3c5d-4320-b20c-e9d2fac7cf14.jpg,false,SWAP_CLEAN
9371101724777,contrepoids-chapiteau-ciment-lot-4,Contrepoids de chapiteau remplis de ciment — lot de 4,7,6,https://cdn.shopify.com/s/files/1/0678/1327/7801/files/dtnd9119d34ddf296.jpg,true,SWAP_TEXT
9371101560937,coussin-balancoire-2-places-avec-dossier-banc,Coussin balançoire 2 places avec dossier pour banc,7,6,https://cdn.shopify.com/s/files/1/0678/1327/7801/files/nebad0198372d889a.jpg,true,SWAP_TEXT
9376663339113,coussin-balancelle-3-places-dossier-antiderapant,Coussin de balancelle 3 places avec dossier antidérapant,7,5,https://cdn.shopify.com/s/files/1/0678/1327/7801/files/5bpdd519c220f1426.jpg,true,SWAP_TEXT
9373972791401,coussin-chaise-longue-appuie-tete-attaches,Coussin de chaise longue avec appuie-tête et attaches,7,6,https://cdn.shopify.com/s/files/1/0678/1327/7801/files/HKn64119c220f06ff.jpg,false,SWAP_CLEAN
9371100971113,coussin-securite-trampoline-12-pi,Coussin de protection trampoline 12 pi,7,6,https://cdn.shopify.com/s/files/1/0678/1327/7801/files/8dX77519ee1cf0b49.jpg,false,SWAP_CLEAN
7796433551465,coussin-de-protection-12pi-rembourrage-trampoline-resistant,Coussin de sécurité trampoline 12 pieds résistant UV,7,7,https://cdn.shopify.com/s/files/1/0678/1327/7801/files/ROM45519784d9ced3.jpg,true,SWAP_TEXT
7752222244969,coussins-de-chaise-de-patio-4-pieces-interieur-exterieur,Coussins chaise patio 4 pièces avec dossier,7,5,https://cdn.shopify.com/s/files/1/0678/1327/7801/files/HfR2c918db74c01b6.jpg,false,SWAP_CLEAN
7793456611433,coussins-de-chaise-de-patio-ensemble-de-2-pour-interieur-exterieur-1,Coussins chaise patio ensemble 2 pièces polyester,7,7,https://cdn.shopify.com/s/files/1/0678/1327/7801/files/YOp2181983573b291_598dd03e-1919-45e5-8799-a63e0a56751d.jpg,true,SWAP_TEXT
9359739781225,coussins-chaise-2-pieces-matelasses-attaches,Coussins de chaise 2 pièces matelassés avec attaches,14,7,https://cdn.shopify.com/s/files/1/0678/1327/7801/files/nwZf5419c220efb2b.jpg,false,SWAP_CLEAN
9373974397033,coussins-chaise-patio-avec-dossier-lot-de-2,"Coussins de chaise de patio avec dossier, lot de 2",7,5,https://cdn.shopify.com/s/files/1/0678/1327/7801/files/l6w33419526f42d5b.jpg,true,SWAP_TEXT
7798393700457,coussins-de-remplacement-3-places-pour-banc-balancoire-patio,Coussins de remplacement pour banc 3 places extérieur,21,14,https://cdn.shopify.com/s/files/1/0678/1327/7801/files/5bpdd519c220f1426_26f6d90d-bce9-40e3-8743-e8f380d872e9.jpg,true,SWAP_TEXT
9367415423081,cuisine-boue-enfant-bois-robinet-bac-tableau-noir,"Cuisine boue enfant avec robinet, bac, tableau noir",7,,,,STILL_NO_LIFESTYLE
9371850539113,dalles-terrasse-bois-emboitables-27-pieces,Dalles de terrasse en bois emboîtables — ensemble de 27,14,6,https://cdn.shopify.com/s/files/1/0678/1327/7801/files/g966ff19c22454815_4023aa7f-9029-4edb-8e41-ac8c7ac61d31.jpg,false,SWAP_CLEAN
9371850473577,dalles-terrasse-wpc-encastrables-11-pieces,Dalles de terrasse WPC encastrables 11 pièces,7,5,https://cdn.shopify.com/s/files/1/0678/1327/7801/files/fUBd5c19c220f2509.jpg,false,SWAP_CLEAN
9365039480937,devidoir-mural-retractable-20m-enroulement-automatique,Dévidoir mural rétractable 20m avec enroulement automatique,7,3,https://cdn.shopify.com/s/files/1/0678/1327/7801/files/oDnea419be904cb82.jpg,true,SWAP_TEXT
9367414767721,dome-escalade-geometrique-enfants,Dôme d'escalade géométrique 183 cm pour enfants,7,7,https://cdn.shopify.com/s/files/1/0678/1327/7801/files/etu0b119e243913a6.jpg,false,SWAP_CLEAN
7752230371433,enclos-dexterieur-pour-chats-avec-toit-etanche-et-plateformes,Enclos extérieur chat multi-niveaux avec toit transparent,14,8,https://cdn.shopify.com/s/files/1/0678/1327/7801/files/qd4e3b194868509bf_4283c8f5-86bf-4c99-8388-2406295d5588.jpg,false,SWAP_CLEAN
7752229847145,enclos-exterieur-pour-chat-86cm-avec-roues-et-hamac,Enclos Extérieur Chat Multi-Niveaux sur Roulettes 86cm,14,8,https://cdn.shopify.com/s/files/1/0678/1327/7801/files/8tD4e71948396cd67.jpg,false,SWAP_CLEAN
7752239480937,enclos-exterieur-pour-chats-6-plateformes-griffoir-toit-etanche,Enclos extérieur pour chat avec 6 plateformes de saut,21,4,https://cdn.shopify.com/s/files/1/0678/1327/7801/files/lGYb8419496b12a3e.jpg,true,SWAP_TEXT
7752207794281,catio-exterieur-en-bois-193cm-avec-toit-asphalte-et-plateformes,Enclos extérieur pour chat en bois avec toit asphalte,7,7,https://cdn.shopify.com/s/files/1/0678/1327/7801/files/PLt47619493651160.jpg,false,SWAP_CLEAN
7752189968489,enclos-exterieur-pour-chat-catio-en-bois-avec-toit-asphalte,Enclos extérieur pour chats avec 6 plateformes,14,8,https://cdn.shopify.com/s/files/1/0678/1327/7801/files/rBV8dc19519144306_e61eed1c-2dde-4cd5-8589-d2b1d1224a09.jpg,false,SWAP_CLEAN
7752200192105,enclos-exterieur-pour-chat-avec-roues-et-plateformes,Enclos extérieur surélevé avec roues et plateforme de repos,21,21,https://cdn.shopify.com/s/files/1/0678/1327/7801/files/CSW565194833af25f.jpg,false,SWAP_CLEAN
7752199733353,parc-a-chien-exterieur-enclos-verrouillable-en-acier-soude,Enclos pour chien extérieur verrouillable acier soudé,7,7,https://cdn.shopify.com/s/files/1/0678/1327/7801/files/1VQ1d219493c2b3e8_c293dc03-2422-4557-8032-fd28791d36c1.jpg,false,SWAP_CLEAN
7750490292329,ensemble-de-bar-de-patio-3-pieces-avec-table-haute-et-2-tabourets,Ensemble bar patio 3 pièces hauteur comptoir table 109 cm,7,6,https://cdn.shopify.com/s/files/1/0678/1327/7801/files/qGV5ed195472435b2.jpg,false,SWAP_CLEAN
7750490226793,ensemble-de-bar-de-patio-5-pieces-avec-table-haute-et-4-tabourets,Ensemble bistro patio 5 pièces table haute tabourets,7,7,https://cdn.shopify.com/s/files/1/0678/1327/7801/files/4eFd93195660a0dcd.jpg,false,SWAP_CLEAN
9376661602409,ensemble-bistro-pliant-3-pieces-table-verre,Ensemble bistro pliant 3 pièces avec table en verre,7,,,,STILL_NO_LIFESTYLE
9365263253609,ensemble-bistrot-3-pieces-rotin-verre-kaki,Ensemble bistrot 3 pièces rotin avec table verre — kaki,7,6,https://cdn.shopify.com/s/files/1/0678/1327/7801/files/ceVd8e19d2bc37ecb.jpg,false,SWAP_CLEAN
7752239841385,ensemble-de-2-chaises-bercantes-pliantes-et-table-acier,Ensemble chaise berçante pliable 3 pièces,21,7,https://cdn.shopify.com/s/files/1/0678/1327/7801/files/BBG1bd195757d05da.jpg,false,SWAP_CLEAN
7736549539945,ensemble-salon-exterieur-4-pieces-rotin-gris-mixte,Ensemble de conversation extérieur 4 pièces en rotin,14,8,https://cdn.shopify.com/s/files/1/0678/1327/7801/files/K89a011949477c16e.jpg,false,SWAP_CLEAN
9367413358697,ensemble-jeu-3-en-1-glissoire-grimpeur-panier,Ensemble de jeu 3 en 1 glissoire grimpeur panier,7,3,https://cdn.shopify.com/s/files/1/0678/1327/7801/files/PeZd8319494d45717.jpg,true,SWAP_TEXT
9367403233385,ensemble-jeu-camion-atelier-enfants-61-pieces,Ensemble de jeu camion-atelier pour enfants 61 pièces,7,,,,STILL_NO_LIFESTYLE
7736576344169,ensemble-patio-4-pieces-avec-coussins-epais-gris,Ensemble de meubles de patio 4 pièces avec coussins épais,7,7,https://cdn.shopify.com/s/files/1/0678/1327/7801/files/5rm46119d460a2400.jpg,false,SWAP_CLEAN
7736576573545,ensemble-patio-rotin-7-pieces-sectionnel-vert-pale,Ensemble de meubles de patio 7 pièces rotin modulaire,28,21,https://cdn.shopify.com/s/files/1/0678/1327/7801/files/EXX6bc19592f4b211_cec3dd2e-9fdb-4989-b973-9f6aefd73ab8.jpg,false,SWAP_CLEAN
7736549015657,ensemble-meuble-patio-rotin-4-pieces-canape-amoureux-chaises,Ensemble de meubles de patio rotin 4 pièces avec coussins,14,8,https://cdn.shopify.com/s/files/1/0678/1327/7801/files/5sA90f195f1386e81_3ae728a7-8555-4743-b9bc-161e5878dc93.jpg,false,SWAP_CLEAN
7736576802921,ensemble-patio-4-pieces-canapes-tables-rotin-gris,Ensemble de Patio 4 Pièces avec Table Rangement,7,6,https://cdn.shopify.com/s/files/1/0678/1327/7801/files/EZ790f19cfeb5867c.jpg,false,SWAP_CLEAN
9369986695273,ensemble-jeu-4-en-1-glissoire-balancoire-panier-basketball,Ensemble jeu 4-en-1 glissoire balançoire panier basketball,7,6,https://cdn.shopify.com/s/files/1/0678/1327/7801/files/KlE92719149b061c5.jpg,false,SWAP_CLEAN
9367413882985,ensemble-jeu-6-en-1-toboggan-balancoire-panier-basketball,Ensemble jeu 6-en-1 toboggan balançoire panier basketball,7,7,https://cdn.shopify.com/s/files/1/0678/1327/7801/files/Y0N44119494783d28_260fa372-a01c-425c-9f30-75e0494d066c.jpg,false,SWAP_CLEAN
7736576868457,ensemble-de-patio-6-pieces-mobilier-rotin-pe-exterieur-khaki,Ensemble mobilier patio 6 pièces rotin conversation — Kaki,7,7,https://cdn.shopify.com/s/files/1/0678/1327/7801/files/iel80919711d64771.jpg,false,SWAP_CLEAN
7736576540777,ensemble-sofa-sectionnel-7-pieces-rotin-brun-beige,Ensemble mobilier patio 7 pièces rotin modulaire,14,14,https://cdn.shopify.com/s/files/1/0678/1327/7801/files/lMube818f14575959.jpg,false,SWAP_CLEAN
7798393438313,ensemble-de-meubles-de-patio-4-pieces-en-rotin-avec-table-cafe,Ensemble patio 4 pièces rotin avec causeuse,7,7,https://cdn.shopify.com/s/files/1/0678/1327/7801/files/zQOe5119567534ca6_402719fd-31cc-419a-92c5-730c6979a9c1.jpg,false,SWAP_CLEAN
7736576835689,ensemble-patio-4-pieces-rotin-pe-rouge-canapes-table-basse,Ensemble patio 4 pièces rotin PE pivotant,7,7,https://cdn.shopify.com/s/files/1/0678/1327/7801/files/drn938194942f86e5_f4a40f21-5180-4abc-9457-3d6f1174b490.jpg,false,SWAP_CLEAN
7736577196137,ensemble-patio-5-pcs-rotin-chaises-ottomans-table-verre,Ensemble patio 5 pièces avec repose-pieds en osier,42,7,https://cdn.shopify.com/s/files/1/0678/1327/7801/files/PZs45d19d723bb76c.jpg,false,SWAP_CLEAN
9365039382633,ensemble-patio-7-pieces-rotin-modulaire,Ensemble patio 7 pièces rotin modulaire avec table,7,7,https://cdn.shopify.com/s/files/1/0678/1327/7801/files/HoCd5919a28939eca.jpg,false,SWAP_CLEAN
9370968883305,ensemble-patio-9-pieces-osier-modulaire,Ensemble patio 9 pièces osier modulaire avec coussins,7,7,https://cdn.shopify.com/s/files/1/0678/1327/7801/files/v1n4821949666a867.jpg,false,SWAP_CLEAN
7736571723881,ensemble-meubles-patio-4-pieces-causeuse-2-fauteuils-table,Ensemble patio conversation 4 pièces avec table verre trempé,21,14,https://cdn.shopify.com/s/files/1/0678/1327/7801/files/LYbdaf19cac47c9ea.jpg,false,SWAP_CLEAN
7736576639081,ensemble-patio-7-pieces-salon-rotin-sectionnel-gris,Ensemble patio conversation 7 pièces rotin,7,7,https://cdn.shopify.com/s/files/1/0678/1327/7801/files/z2U6ff19546c43f61.jpg,false,SWAP_CLEAN
7752240005225,ensemble-de-chaises-bercantes-et-table-bistro-3-pieces,Ensemble planeurs de patio et table 3 pièces,21,8,https://cdn.shopify.com/s/files/1/0678/1327/7801/files/YXU6d419bfe27773a.jpg,false,SWAP_CLEAN
9359740272745,ensemble-sectionnel-patio-7-pieces-rotin,Ensemble sectionnel de patio 7 pièces avec table,7,,,,STILL_NO_LIFESTYLE
7736548491369,ensemble-de-patio-sectionnel-4-pieces-rotin-beige-noir,Ensemble sectionnelle patio 4 pièces rotin tressé,7,7,https://cdn.shopify.com/s/files/1/0678/1327/7801/files/5sA90f195f1386e81.jpg,false,SWAP_CLEAN
9367415881833,escalier-4-marches-chien-housse-amovible,Escalier 4 marches pour chien avec housse amovible,42,21,https://cdn.shopify.com/s/files/1/0678/1327/7801/files/1UPb1819b75433e92.jpg,false,SWAP_CLEAN
9359740108905,escalier-piscine-ajustable-5-marches,Escalier de piscine ajustable 5 marches avec garde-corps,7,2,https://cdn.shopify.com/s/files/1/0678/1327/7801/files/R4X06019dce635d7a.jpg,true,SWAP_TEXT
7750489145449,escalier-4-marches-en-bois-pour-chiens-echelle-danimaux,Escalier pour chien 4 niveaux bois MDF — café foncé,7,6,https://cdn.shopify.com/s/files/1/0678/1327/7801/files/aY32b819d47a52a0a.jpg,false,SWAP_CLEAN
7750489276521,escalier-4-marches-pour-chien-canape-lit-housse-amovible,Escaliers 4 marches pour chien canapé lit,7,7,https://cdn.shopify.com/s/files/1/0678/1327/7801/files/CXBaf11932c7b2d5d_12e5dbff-dad5-4187-81b0-e14babeb5827.jpg,false,SWAP_CLEAN
9371850604649,evier-camping-portable-reservoir-recuperation,Évier de camping portable avec réservoir de récupération,7,,,,STILL_NO_LIFESTYLE
9371092680809,excavatrice-porteur-enfant-rangement-sons,Excavatrice porteur enfant avec rangement et sons,7,6,https://cdn.shopify.com/s/files/1/0678/1327/7801/files/NQOdc819e8cd47ea5.jpg,false,SWAP_CLEAN
7752212807785,chaise-adirondack-en-rotin-pour-patio-avec-coussins,Fauteuil Adirondack rotin extérieur avec coussins,21,8,https://cdn.shopify.com/s/files/1/0678/1327/7801/files/hiS4f419492c241a4_e6b94513-e02a-42b2-afbb-62c1b71bce07.jpg,false,SWAP_CLEAN
7752188723305,chaise-de-bureau-massage-6-points-avec-repose-pieds-retractable,Fauteuil bureau massage vibrant repose-pieds rétractable,7,7,https://cdn.shopify.com/s/files/1/0678/1327/7801/files/IWOb38190b5250747_568d4c24-c0bb-468f-8899-1796407320d8.jpg,false,SWAP_CLEAN
7788348964969,chaise-de-bureau-massage-inclinable-dossier-haut-executif,Fauteuil bureau massant inclinable dossier haut pivotant,14,8,https://cdn.shopify.com/s/files/1/0678/1327/7801/files/q6151b191501504f4.jpg,false,SWAP_CLEAN
7752206090345,fauteuil-daccent-rembourre-avec-dossier-capitonne-et-pieds-acier,Fauteuil d'accent rembourré dossier capitonné pieds acier,28,7,https://cdn.shopify.com/s/files/1/0678/1327/7801/files/IGAf501948cd0bf3c.jpg,false,SWAP_CLEAN
7752221622377,fauteuil-dappoint-en-simili-cuir-avec-rembourrage-epais,Fauteuil d'appoint cuir synthétique rembourrage épais — kaki,21,6,https://cdn.shopify.com/s/files/1/0678/1327/7801/files/BfW560199f1865aa7.jpg,false,SWAP_CLEAN
7752238039145,fauteuil-dappoint-cuir-synthetique-et-pieds-en-bois,Fauteuil d'appoint moderne en similicuir avec pattes en bois,21,8,https://cdn.shopify.com/s/files/1/0678/1327/7801/files/4B691d194932e94e4.jpg,false,SWAP_CLEAN
7752221425769,fauteuil-inclinable-manuel-siege-de-cinema-maison-en-lin,Fauteuil inclinable manuel rembourré lin pour salon,21,7,https://cdn.shopify.com/s/files/1/0678/1327/7801/files/23U95219cd214aa04.jpg,false,SWAP_CLEAN
7736550850665,fontaine-en-bois-2-niveaux-avec-pompe-electrique-pour-jardin,Fontaine d'eau en bois 2 niveaux avec pompe électrique,7,7,https://cdn.shopify.com/s/files/1/0678/1327/7801/files/xW44bb19cb7e6dded.jpg,false,SWAP_CLEAN
7750882558057,foyer-exterieur-2-en-1-avec-grille-bbq-81x81x71cm,Foyer extérieur 2-en-1 avec grille BBQ 81cm,7,7,https://cdn.shopify.com/s/files/1/0678/1327/7801/files/2gf51f1951df2b9ff.jpg,false,SWAP_CLEAN
7750877544553,foyer-exterieur-31po-2-en-1-avec-grille-bbq-et-couvercle,Foyer extérieur 2-en-1 avec grille BBQ et couvercle,14,14,https://cdn.shopify.com/s/files/1/0678/1327/7801/files/uYza0119496c1ebca.jpg,false,SWAP_CLEAN
9365262893161,foyer-exterieur-carre-86cm-acier-couvercle,Foyer extérieur carré 86 cm acier avec couvercle,7,,,,STILL_NO_LIFESTYLE
9371101397097,foyer-exterieur-effet-pierre-61cm-pare-etincelles,Foyer extérieur effet pierre 61 cm avec pare-étincelles,7,5,https://cdn.shopify.com/s/files/1/0678/1327/7801/files/dZA75618696893ecf.jpg,false,SWAP_CLEAN
9371101069417,foyer-exterieur-hexagonal-acier-couvercle-tisonnier,Foyer extérieur hexagonal en acier avec couvercle et tisonnier,7,,,,STILL_NO_LIFESTYLE
9365034958953,foyer-exterieur-portable-2-en-1-grille-bbq,Foyer extérieur portable 2-en-1 avec grille BBQ,7,,,,STILL_NO_LIFESTYLE
7750892912745,foyer-exterieur-61cm-rond-avec-couvercle-et-grill-bbq,Foyer extérieur rond 60 cm avec couvercle et grille,7,7,https://cdn.shopify.com/s/files/1/0678/1327/7801/files/Cgi129194959d6d97_7ce795a7-ed9b-4cef-9401-fc63a4e1a015.jpg,false,SWAP_CLEAN
9365034991721,foyer-exterieur-rond-acier-couvercle-grillage,Foyer extérieur rond en acier avec couvercle grillagé,7,6,https://cdn.shopify.com/s/files/1/0678/1327/7801/files/xh39ea19493f9386b.jpg,false,SWAP_CLEAN
9373973315689,foyer-exterieur-style-cheminee-avec-tisonnier,Foyer extérieur style cheminée avec tisonnier,7,6,https://cdn.shopify.com/s/files/1/0678/1327/7801/files/jeB6ff199184aad32.jpg,false,SWAP_CLEAN
9364962345065,garde-manger-cuisine-184cm-6-tablettes,Garde-manger cuisine 184cm 4 portes 6 tablettes,14,14,https://cdn.shopify.com/s/files/1/0678/1327/7801/files/1yne9819dbade3b63_c3b9860f-f07d-4183-b894-bfa336336479.jpg,false,SWAP_CLEAN
7736571297897,gazebo-exterieur-305x305cm-toit-dur-acier-avec-rideaux-livraison-gratuite,Gazébo à toit rigide 10x10 avec rideaux,7,7,https://cdn.shopify.com/s/files/1/0678/1327/7801/files/SfIec119c4880b4ed_5dc2d863-b38e-4f05-91c3-6fcf1c121b06.jpg,false,SWAP_CLEAN
7736570478697,gazebo-4x3m-toit-rigide-avec-rideaux-et-moustiquaires,Gazebo à toit rigide 4x3m avec rideaux et moustiquaires,7,7,https://cdn.shopify.com/s/files/1/0678/1327/7801/files/L0Uf9b19523bcbbc2.jpg,false,SWAP_CLEAN
7736546820201,gazebo-3x3-6m-toit-rigide-polycarbonate-brun,Gazebo à toit rigide polycarbonate 305 x 365 cm,7,7,https://cdn.shopify.com/s/files/1/0678/1327/7801/files/yOaf05194931d1610_6a7f40d7-208a-4bf2-b809-af70401539d2.jpg,false,SWAP_CLEAN
9359656648809,gazebo-bbq-courbe-7x5,Gazebo BBQ courbé 7' x 5',35,8,https://cdn.shopify.com/s/files/1/0678/1327/7801/files/C4i39019ed9f7cac0.jpg,false,SWAP_CLEAN
7750890160233,gazebo-bbq-12-x-6-toit-rigide-avec-2-tablettes-laterales,Gazebo BBQ toit rigide 366 x 183 cm avec tablettes,7,,,,STILL_NO_LIFESTYLE
9373973905513,gazebo-barbecue-double-toit-tablettes-crochets,Gazebo de barbecue double toit avec tablettes et crochets,7,6,https://cdn.shopify.com/s/files/1/0678/1327/7801/files/cPbbff19523bcbab7.jpg,false,SWAP_CLEAN
7736570609769,gazebo-3m-x-3m-avec-moustiquaire-pavillon-jardin-gris-fonce,Gazébo de jardin 10x10 pieds avec moustiquaire,21,7,https://cdn.shopify.com/s/files/1/0678/1327/7801/files/hSs99819494b00faf_451b00d3-80e1-4a31-b57a-707bc32b5b34.jpg,false,SWAP_CLEAN
9359738634345,gazebo-patio-10x10-toit-double,Gazebo de Patio 10x10 Pieds Toit Double,14,14,https://cdn.shopify.com/s/files/1/0678/1327/7801/files/l4Zf8119a717f4237.jpg,false,SWAP_CLEAN
7736571166825,gazebo-10-12-double-toit-upf50-avec-moustiquaire-creme,Gazebo de patio double toit 3x3.6m avec moustiquaire,7,7,https://cdn.shopify.com/s/files/1/0678/1327/7801/files/3qPcee19caf9c5ff5_ec3c5338-333e-464b-b3b5-b83b00750059.jpg,false,SWAP_CLEAN
9369985974377,gazebo-patio-double-toit-rideaux-moustiquaire,Gazebo de patio double toit avec rideaux et moustiquaire,7,6,https://cdn.shopify.com/s/files/1/0678/1327/7801/files/l4b0ef19ad8679189_0f17121a-4e2c-4565-8ead-49a7e10ce7be.jpg,true,SWAP_TEXT
9369985777769,gazebo-patio-toit-double-3x3m,Gazebo de patio toit double 3 x 3 m,7,5,https://cdn.shopify.com/s/files/1/0678/1327/7801/files/skD79f19c1c36d4e9.jpg,false,SWAP_CLEAN
9369985810537,gazebo-patio-toit-double-acier-3x3m,Gazebo de patio toit double 3x3 m acier,7,6,https://cdn.shopify.com/s/files/1/0678/1327/7801/files/ggd14019b8eff99da.jpg,false,SWAP_CLEAN
9376661438569,gazebo-patio-toit-double-moustiquaires-etageres,Gazebo de patio toit double avec moustiquaires et étagères,7,5,https://cdn.shopify.com/s/files/1/0678/1327/7801/files/37a66619490e4f9d5.jpg,false,SWAP_CLEAN
7736570347625,gazebo-exterieur-3x4m-double-toit-gris-livraison-gratuite,Gazebo extérieur double toit 305 x 396 cm,7,7,https://cdn.shopify.com/s/files/1/0678/1327/7801/files/rfH59119e92d7481f.jpg,false,SWAP_CLEAN
7736571199593,gazebo-3x3-8m-avec-rideaux-et-moustiquaire-gris-fonce,Gazebo extérieur double toit avec rideaux et moustiquaire 10' x 12.5',7,7,https://cdn.shopify.com/s/files/1/0678/1327/7801/files/4fMad619d19d457dd.jpg,false,SWAP_CLEAN
7736537645161,gazebo-3x3m-double-toit-avec-rangement,Gazébo patio double toit 3 x 3 m avec rangement,14,6,https://cdn.shopify.com/s/files/1/0678/1327/7801/files/IPfe2419d3d20ebfb.jpg,true,SWAP_TEXT
7736569987177,gazebo-294x294cm-avec-moustiquaire-abri-jardin-gris-fonce,"Gazebo patio toit double moustiquaire 2,9m x 2,9m",35,22,https://cdn.shopify.com/s/files/1/0678/1327/7801/files/l4Zf8119a717f4237_368b4174-3116-458f-9f31-773fa35b874a.jpg,false,SWAP_CLEAN
7736570740841,gazebo-3x3m-toit-rigide-polycarbonate-avec-rideaux-gris-fonce,Gazebo toit rigide 10' x 10' polycarbonate double niveau,21,7,https://cdn.shopify.com/s/files/1/0678/1327/7801/files/s8D6a7194970c94ff_bdbcef68-1de4-42f5-bdf3-d5bdd3329148.jpg,false,SWAP_CLEAN
7736570183785,gazebo-365x300cm-toit-dur-moustiquaire-gris-pale,"Gazébo toit rigide 3x3,7m double niveau moustiquaire",28,8,https://cdn.shopify.com/s/files/1/0678/1327/7801/files/UXI574194921b62aa.jpg,false,SWAP_CLEAN
7736571101289,gazebo-3x3m-toit-rigide-acier-galvanise-avec-rideaux-et-moustiquaire,Gazebo toit rigide 3x3m métal galvanisé rideaux moustiquaire,14,7,https://cdn.shopify.com/s/files/1/0678/1327/7801/files/1obfad194950c1cd7_beb442e8-1e57-4b66-9a92-610dabc1d0ee.jpg,false,SWAP_CLEAN
9369986564201,gazebo-toit-rigide-galvanise-filet-rideaux,Gazebo toit rigide galvanisé avec filet et rideaux,7,6,https://cdn.shopify.com/s/files/1/0678/1327/7801/files/Pzk24819dc3ad4855.jpg,true,SWAP_TEXT
9367413784681,glissoire-5-en-1-tout-petits-panier-basketball,Glissoire 5-en-1 pour tout-petits avec panier de basket,7,7,https://cdn.shopify.com/s/files/1/0678/1327/7801/files/wJq6211949441edda.jpg,false,SWAP_CLEAN
9371861614697,hamac-avec-support-acier-patio-camping,Hamac avec support en acier pour patio et camping,7,,,,STILL_NO_LIFESTYLE
9365036302441,housses-coussins-patio-14-pieces-polyester,Housses de coussins patio ensemble 14 pièces polyester,14,7,https://cdn.shopify.com/s/files/1/0678/1327/7801/files/1bB21c19c220f1bbd_a57a7d45-c585-46bd-a428-cd89298a567a.jpg,true,SWAP_TEXT
7752189739113,ilot-de-cuisine-moderne-desserte-mobile-avec-tiroirs-et-armoires,Îlot de cuisine moderne avec tiroirs et armoires,14,14,https://cdn.shopify.com/s/files/1/0678/1327/7801/files/WdG43e194951c9336.jpg,false,SWAP_CLEAN
7751742292073,ilot-de-cuisine-roulant-en-bambou-avec-tiroirs-et-tablettes,Îlot de cuisine roulant bambou avec tiroirs et étagères,7,7,https://cdn.shopify.com/s/files/1/0678/1327/7801/files/ZkWb751983808946a.jpg,false,SWAP_CLEAN
7736556388457,bac-sureleve-120x120x30cm-acier-galvanise-gris-clair,Jardinière surélevée acier galvanisé 120x120x30cm,69,8,https://cdn.shopify.com/s/files/1/0678/1327/7801/files/M8e90f19b8c9624a0_b1c6bb35-56fc-443e-b8ea-6a4459e94726.jpg,false,SWAP_CLEAN
7793456087145,bac-de-jardinage-sureleve-en-acier-galvanise-avec-barres-renforcees,Jardinière surélevée acier galvanisé avec tiges renforcées 180cm,21,7,https://cdn.shopify.com/s/files/1/0678/1327/7801/files/m2mba81949655351b.jpg,false,SWAP_CLEAN
7793455923305,bac-de-jardinage-sureleve-galvanise-120-x-60-x-30-5-cm,Jardinière surélevée galvanisée acier 120x60x30cm,7,7,https://cdn.shopify.com/s/files/1/0678/1327/7801/files/qOh339196c214a169.jpg,true,SWAP_TEXT
7798394781801,bac-a-plantes-sureleve-pliable-en-bois-pour-jardin-et-patio-1,Jardinière surélevée pliable en bois pour légumes et herbes,7,6,https://cdn.shopify.com/s/files/1/0678/1327/7801/files/Eqsc6819490f658f4_4014244d-b074-4d06-9105-9c3876471688.jpg,false,SWAP_CLEAN
7752208449641,kart-a-pedales-pour-enfants-cadre-acier-avec-freins,Kart à Pédales pour Enfants - Cadre Acier avec Freins,7,7,https://cdn.shopify.com/s/files/1/0678/1327/7801/files/m8c0ae194960bab97.jpg,false,SWAP_CLEAN
7752211693673,kart-a-pedales-enfant-avec-frein-a-main-et-siege-ajustable,Kart à pédales pour enfants avec freins,21,8,https://cdn.shopify.com/s/files/1/0678/1327/7801/files/Y315121949554168e.jpg,false,SWAP_CLEAN
7752219754601,kart-electrique-24v-pour-enfants-avec-siege-ajustable,Kart électrique enfant 24V avec siège ajustable,21,14,https://cdn.shopify.com/s/files/1/0678/1327/7801/files/nMt99419518f160d6.jpg,false,SWAP_CLEAN
7788348637289,kayak-gonflable-1-2-personnes-plastique-robuste-200kg,Kayak gonflable 2 personnes avec support de canne,7,,,,STILL_NO_LIFESTYLE
7736577130601,lampe-solaire-tressee-eclairage-led-auto-patio-exterieur-ip44,Lampe solaire tressée décorative extérieur LED automatique,14,8,https://cdn.shopify.com/s/files/1/0678/1327/7801/files/mH523219d529600bd_2cf9d70f-e50b-4cc7-a1f2-0575a64eedcb.jpg,false,SWAP_CLEAN
9367417553001,lit-de-camp-pliant-extra-large-matelas-amovible,Lit de camp pliant extra large avec matelas amovible,7,,,,STILL_NO_LIFESTYLE
9367417454697,lit-surele-chien-auvent-moyen,Lit surélevé pour chien avec auvent — moyen,7,7,https://cdn.shopify.com/s/files/1/0678/1327/7801/files/ztg92a19496e73559_a27bc745-afbb-4344-8221-5c07c521853c.jpg,false,SWAP_CLEAN
7752181121129,maison-chat-rotin-avec-coussin-lit-sureleve-chat-interieur,Maison pour chat en rotin surélevée avec coussin,7,6,https://cdn.shopify.com/s/files/1/0678/1327/7801/files/ydv2e4196c96b5688.jpg,false,SWAP_CLEAN
7752189280361,maison-pour-chat-2-etages-exterieur-catio-bois-avec-toit-ouvrant,Maison pour chat extérieure 2 étages avec toit ouvrant,14,8,https://cdn.shopify.com/s/files/1/0678/1327/7801/files/IyAd5f194937945bc_fb1a478f-35c2-4c02-9e1f-d1cc557abcc3.jpg,false,SWAP_CLEAN
7752199864425,maison-pour-chat-exterieure-3-etages-abri-resistant-aux-intemperies,Maisonnette Chat Extérieure 3 Niveaux Résistante Intempéries,7,7,https://cdn.shopify.com/s/files/1/0678/1327/7801/files/d9d0b519ecb46675e.jpg,false,SWAP_CLEAN
9367415586921,maisonnette-bois-cuisine-porte-animaux-enfants,Maisonnette en bois avec cuisine et porte pour animaux,7,,,,STILL_NO_LIFESTYLE
7752210776169,meuble-cachette-litiere-chat-avec-arbre-a-chat-style-rustique,Meuble cachette litière avec arbre à chat tour,7,7,https://cdn.shopify.com/s/files/1/0678/1327/7801/files/c7xc21194959ed6c1_feaee24c-82cf-4f25-bc8d-1e57c41c22dc.jpg,false,SWAP_CLEAN
7751760085097,miroir-pleine-longueur-162cm-x-53cm-sur-pied-ou-mural,Miroir pleine longueur arqué sur pied 163 cm,21,14,https://cdn.shopify.com/s/files/1/0678/1327/7801/files/2mIc7b199cd5edd8f.jpg,false,SWAP_CLEAN
7752197668969,miroir-sur-pied-147-x-51-cm-avec-cadre-pour-chambre,Miroir pleine longueur rectangulaire 147 x 51 cm avec cadre,14,6,https://cdn.shopify.com/s/files/1/0678/1327/7801/files/WtZe6d19494429003.jpg,false,SWAP_CLEAN
7752213364841,moto-electrique-bmw-pour-enfants-18-36-mois,Moto électrique BMW S1000RR pour tout-petits 18-36 mois,14,13,https://cdn.shopify.com/s/files/1/0678/1327/7801/files/eMx892194ef983b9a_ed6f8cf7-2e41-4b1f-8c87-d71ddf86062e.jpg,true,SWAP_TEXT
7752238530665,moto-electrique-12v-pour-enfants-avec-roues-dentrainement,Moto électrique enfant 12V avec roues stabilisatrices,28,,,,STILL_NO_LIFESTYLE
7752196096105,moto-electrique-enfant-12v-avec-roues-dentrainement,Moto électrique enfant 12V roues amovibles,21,14,https://cdn.shopify.com/s/files/1/0678/1327/7801/files/8LB44f19496674a87.jpg,false,SWAP_CLEAN
7752218411113,moto-electrique-6v-pour-enfants-avec-roues-dentrainement,Moto électrique enfant 6V avec roues stabilisatrices,14,8,https://cdn.shopify.com/s/files/1/0678/1327/7801/files/cnqdc5195db3c165b_42e74999-1069-4467-b6ae-0ac1a7765555.jpg,false,SWAP_CLEAN
7752236826729,moto-electrique-honda-licenciee-12v-pour-enfants-3-6-ans,Moto électrique Honda 12V pour enfants avec phares,21,,,,STILL_NO_LIFESTYLE
7752184823913,moto-electrique-pour-enfants-6v-avec-pedales-musique-et-phares,Moto électrique pour enfants 6V avec pédales musique phares,7,,,,STILL_NO_LIFESTYLE
7796434370665,moustiquaire-de-remplacement-pour-gazebo-10-x-12,Moustiquaire de remplacement gazebo 305 x 366 cm — noir,21,15,https://cdn.shopify.com/s/files/1/0678/1327/7801/files/dtI09b19482df0aa4.jpg,false,SWAP_CLEAN
9371100676201,moustiquaire-remplacement-gazebo-3x36m,"Moustiquaire de remplacement pour gazebo 3 x 3,6 m",8,,,,STILL_NO_LIFESTYLE
9371862007913,moustiquaire-remplacement-gazebo-3x36m-1,"Moustiquaire de remplacement pour gazebo 3 x 3,6 m",8,,,,STILL_NO_LIFESTYLE
9376662519913,panier-basketball-portatif-reglable-roulettes,Panier de basketball portatif réglable avec roulettes — 43 po,7,,,,STILL_NO_LIFESTYLE
7752210186345,parasol-de-patio-195x295cm-avec-eclairage-solaire-led,Parasol de patio rectangulaire avec éclairage DEL solaire 195x295cm,14,14,https://cdn.shopify.com/s/files/1/0678/1327/7801/files/NdGd721949342545b_e460f38e-b411-4c67-927d-8d94970203ee.jpg,false,SWAP_CLEAN
9365035876457,parasol-patio-rond-85-pieds-manivelle,Parasol de patio rond 8.5 pieds avec manivelle,7,6,https://cdn.shopify.com/s/files/1/0678/1327/7801/files/Gl30c11949579387a.jpg,false,SWAP_CLEAN
9367417323625,parasol-de-plage-inclinable-uv50-auvent-vente-volants,Parasol de plage inclinable UV50+ auvent ventilé à volants,7,,,,STILL_NO_LIFESTYLE
9365033975913,parasol-terrasse-inclinable-kaki,Parasol de terrasse inclinable avec 6 baleines — kaki,7,7,https://cdn.shopify.com/s/files/1/0678/1327/7801/files/RG3b7619eac2936b4.jpg,false,SWAP_CLEAN
9367416635497,parasol-demi-lune-manivelle-event-superieur,Parasol demi-lune avec manivelle et évent supérieur,7,7,https://cdn.shopify.com/s/files/1/0678/1327/7801/files/Dxa143194833af599.jpg,false,SWAP_CLEAN
7752224997481,parasol-deporte-3m-avec-base-croisee-pour-patio,Parasol déporté 3m avec base croisée,7,7,https://cdn.shopify.com/s/files/1/0678/1327/7801/files/YUf99f19ce6c3dbd1_d6321f55-5359-4d93-8ee6-a3fbedce77c2.jpg,false,SWAP_CLEAN
9369986498665,parasol-deporte-aluminium-244cm-rotation-360,Parasol déporté aluminium 244 cm avec rotation 360°,7,7,https://cdn.shopify.com/s/files/1/0678/1327/7801/files/llebcf19584261279.jpg,false,SWAP_CLEAN
9367416438889,parasol-deporte-avec-base-manivelle-300cm,Parasol déporté avec base et manivelle 300 cm,14,13,https://cdn.shopify.com/s/files/1/0678/1327/7801/files/9Du3541949667e035.jpg,false,SWAP_CLEAN
7752208121961,parasol-deporte-8-5-pi-avec-base-rotation-360-patio-jardin,"Parasol déporté cantilever 8,5 pieds avec base",7,7,https://cdn.shopify.com/s/files/1/0678/1327/7801/files/ApVe49194930bd0c3.jpg,false,SWAP_CLEAN
7752211136617,parasol-deporte-carre-245-x-245-cm-avec-manivelle-et-rotation-360,Parasol déporté carré 245 cm rotation 360 degrés,28,7,https://cdn.shopify.com/s/files/1/0678/1327/7801/files/aXM29c19495542ae5.jpg,false,SWAP_CLEAN
7752210612329,parasol-deporte-carre-245x245-cm-avec-rotation-360,Parasol déporté carré 245 cm rotation 360°,28,28,https://cdn.shopify.com/s/files/1/0678/1327/7801/files/lhTa0e19493c22750_00f61a37-bace-41a5-b727-79a588e8287c.jpg,false,SWAP_CLEAN
9365035745385,parasol-deporte-10-pieds-cantilever-base-croisee,Parasol déporté patio 10 pieds cantilever avec base croisée,7,7,https://cdn.shopify.com/s/files/1/0678/1327/7801/files/gpYd5f19496e88343.jpg,false,SWAP_CLEAN
9373971742825,parasol-deporte-cantilevere-10-pi,Parasol déporté rotatif 10 pi — Canopée résistante UV,7,7,https://cdn.shopify.com/s/files/1/0678/1327/7801/files/gru4ed19495d465ef_ee0f9a8f-98e6-403f-a658-490f450d2979.jpg,false,SWAP_CLEAN
7751748026473,parasol-rectangulaire-183x305cm-avec-22-lumieres-led-solaires,Parasol rectangulaire 6' x 10' avec éclairage LED solaire,7,7,https://cdn.shopify.com/s/files/1/0678/1327/7801/files/Nei95c1949566aea0.jpg,false,SWAP_CLEAN
7751789576297,paravent-pliable-4-panneaux-separateur-de-piece-en-bois,Paravent pliable 4 panneaux cadre bois tressé,14,6,https://cdn.shopify.com/s/files/1/0678/1327/7801/files/beSc9819dbade3da0.jpg,false,SWAP_CLEAN
7752195571817,cloison-4-panneaux-style-farmhouse-pliable-cadre-bois-170cm,Paravent pliable 4 panneaux style fermette,7,7,https://cdn.shopify.com/s/files/1/0678/1327/7801/files/4F62ec19495c2fae3.jpg,false,SWAP_CLEAN
7752209563753,paravent-pliant-6-panneaux-separateur-de-piece-portable,Paravent pliant 6 panneaux fibres tressées,42,8,https://cdn.shopify.com/s/files/1/0678/1327/7801/files/5gY0f819495c167b6.jpg,false,SWAP_CLEAN
7752186986601,parc-pour-chien-pliable-avec-porte-interieur-petits-moyens-chiens,Parc pour chien pliable intérieur avec porte,7,7,https://cdn.shopify.com/s/files/1/0678/1327/7801/files/MOh69b19c09a2387d.jpg,false,SWAP_CLEAN
9370967933033,pergola-exterieure-retractable-3x3m-metal,Pergola extérieure rétractable 3x3m cadre métal,7,7,https://cdn.shopify.com/s/files/1/0678/1327/7801/files/ni102819492c11df9.jpg,false,SWAP_CLEAN
7752193540201,mercedes-benz-g350-auto-poussette-3-en-1-pour-tout-petit,Porteur Mercedes G350 3-en-1 avec klaxon et volant,14,14,https://cdn.shopify.com/s/files/1/0678/1327/7801/files/RDT1651970b1b599d_15962c21-5920-4416-ab02-3510f0aeef00.jpg,false,SWAP_CLEAN
9364962607209,poubelle-double-pedale-28-litres,Poubelle double à pédale 2 x 28 litres,8,8,https://cdn.shopify.com/s/files/1/0678/1327/7801/files/3tM1c0194f9ad9551.jpg,false,SWAP_CLEAN
9364963000425,poubelle-double-pedale-fermeture-douce-20l,Poubelle double à pédale fermeture douce 2x20L,7,5,https://cdn.shopify.com/s/files/1/0678/1327/7801/files/yNQ29419e97fce09e.jpg,true,SWAP_TEXT
7752207564905,poussette-pliable-pour-chiens-roues-universelles-et-amortisseur,Poussette pliable pour animaux roues universelles amortisseurs,14,8,https://cdn.shopify.com/s/files/1/0678/1327/7801/files/DLD5611977f9ad1fd.jpg,false,SWAP_CLEAN
7752239710313,poussette-pliable-pour-grands-chiens-avec-4-roues-et-amortisseurs,Poussette pliable pour grands chiens avec roues amortissantes,14,7,https://cdn.shopify.com/s/files/1/0678/1327/7801/files/2VR47e19d495f00e3.jpg,false,SWAP_CLEAN
9365036433513,poussette-pour-animaux-pliable-roues-freins,Poussette pour animaux pliable avec roues et freins,7,,,,STILL_NO_LIFESTYLE
7752191901801,poussette-3-roues-pliable-pour-petits-chiens-avec-auvent-ajustable,Poussette pour chiens 3 roues pliable avec auvent ajustable,7,7,https://cdn.shopify.com/s/files/1/0678/1327/7801/files/io71cb19a28947d32.jpg,false,SWAP_CLEAN
7736577261673,rampe-descalier-exterieur-1-3-marches-ajustable-noire,Rampe d'escalier réglable 1-3 marches acier,7,7,https://cdn.shopify.com/s/files/1/0678/1327/7801/files/J904ca1948396ca8f_437695c1-fa4f-466e-936c-97786e30fb1f.jpg,false,SWAP_CLEAN
9371850702953,remorque-velo-double-2-en-1-poussette-enfants,Remorque vélo double 2-en-1 avec poussette pour enfants,7,,,,STILL_NO_LIFESTYLE
7752181481577,remorque-velo-pour-chien-transport-pet-avec-3-entrees,Remorque vélo pour chien avec 3 entrées,14,6,https://cdn.shopify.com/s/files/1/0678/1327/7801/files/Ulsc63194941dccd6.jpg,true,SWAP_TEXT
9371100905577,rideaux-lateraux-gazebo-10x12,Rideaux de gazebo de remplacement 10' x 12',14,8,https://cdn.shopify.com/s/files/1/0678/1327/7801/files/MEZ62519ed600c7a8.jpg,false,SWAP_CLEAN
7798393831529,rideaux-gazebo-3x3-7m-panneaux-lateraux-de-rechange-polyester,Rideaux gazebo universels 4 panneaux 10' x 12' — Foncé,14,7,https://cdn.shopify.com/s/files/1/0678/1327/7801/files/ol379519ec8b42b49.jpg,true,SWAP_TEXT
9369986662505,salon-bistro-rotin-table-verre-trempe,Salon de bistro en rotin tressé avec table en verre,7,7,https://cdn.shopify.com/s/files/1/0678/1327/7801/files/clr41a19ecb6196a5.jpg,false,SWAP_CLEAN
9371861549161,salon-jardin-rotin-3-pieces-table-verre,Salon de jardin 3 pièces en rotin avec table en verre,7,7,https://cdn.shopify.com/s/files/1/0678/1327/7801/files/aRKcc419d757623fb.jpg,false,SWAP_CLEAN
9369986433129,salon-patio-3-pieces-rotin-table-verre,Salon de patio 3 pièces en rotin avec table en verre,7,7,https://cdn.shopify.com/s/files/1/0678/1327/7801/files/Bc856019a28942c4d.jpg,false,SWAP_CLEAN
9369986203753,salon-patio-3-pieces-rotin-tresse-table-cafe,Salon de patio 3 pièces en rotin tressé avec table,7,6,https://cdn.shopify.com/s/files/1/0678/1327/7801/files/G0q65019ec370db21.jpg,true,SWAP_TEXT
7736565203049,serre-adossee-aluminium-192x127cm-polycarbonate-gris-fonce,Serre adossée aluminium 183x122cm polycarbonate — Foncé,14,7,https://cdn.shopify.com/s/files/1/0678/1327/7801/files/Gcj9d1195f6cf7b30_851df6ce-5e95-4fd7-99c8-b952266d923e.jpg,false,SWAP_CLEAN
7736563564649,serre-6-1m-x-2-4m-aluminium-porte-coulissante-et-ventilation,"Serre de jardin 6,1 x 2,4 x 2,1 m avec ventilation ajustable",7,7,https://cdn.shopify.com/s/files/1/0678/1327/7801/files/AJme0c1948384aba7_941d03bc-8591-4a21-9014-a0bd185ae73d.jpg,false,SWAP_CLEAN
7736565760105,serre-190x190x200cm-polycarbonate-aluminium-gris,Serre de jardin polycarbonate 183 x 183 x 198 cm,63,8,https://cdn.shopify.com/s/files/1/0678/1327/7801/files/sL5c7e19a28942e0c_4b6dcdfb-a4b2-426a-b315-6c6e98349e64.jpg,false,SWAP_CLEAN
7736559042665,serre-183x189x195cm-polycarbonate-aluminium-avec-ventilation,Serre de jardin polycarbonate 183 x 244 x 195 cm,42,29,https://cdn.shopify.com/s/files/1/0678/1327/7801/files/DNS7e3190b52505a1_c3a160a4-4a8e-46c9-961f-5b9eba768ee8.jpg,false,SWAP_CLEAN
7736566349929,serre-190x375x199cm-polycarbonate-gris-charbon-avec-ventilation,Serre de jardin polycarbonate 183 x 366 x 198 cm,63,7,https://cdn.shopify.com/s/files/1/0678/1327/7801/files/sL5c7e19a28942e0c_3a0bbfa7-266b-48b3-b1cd-9924fa23c4cd.jpg,false,SWAP_CLEAN
7736559665257,serre-polycarbonate-3x1-8m-aluminium-gris-charbon,Serre de jardin polycarbonate aluminium 183 x 305 cm,14,8,https://cdn.shopify.com/s/files/1/0678/1327/7801/files/on075619bc4c09b67.jpg,false,SWAP_CLEAN
7736545378409,serre-de-jardin-portable-143x143x195cm-8-etageres,Serre de jardin portable 142 x 142 x 196 cm avec 8 étagères,7,7,https://cdn.shopify.com/s/files/1/0678/1327/7801/files/Cdj3f719d9ae4d9f9_8f4b86a7-99f6-4167-9ddf-82b6807bafce.jpg,false,SWAP_CLEAN
7736562122857,serre-de-jardin-exterieure-240x120x185cm-avec-portes-zippees,Serre jardin extérieure robuste 287x120x185 cm,7,7,https://cdn.shopify.com/s/files/1/0678/1327/7801/files/v8E90f1953c5b6fe3.jpg,false,SWAP_CLEAN
7736546033769,serre-portative-4-etages-143x73x195cm-jardin-plantes,Serre portable 4 étages avec étagères métalliques,7,7,https://cdn.shopify.com/s/files/1/0678/1327/7801/files/Kho17b194967b7bf5_81c56826-75f3-499a-a1f6-796675c455de.jpg,false,SWAP_CLEAN
7736561598569,serre-tunnel-2m-x-1m-x-0-8m-portable-avec-portes-zippees,Serre portable mini 183x91x79cm protection plantes — Transparente,21,8,https://cdn.shopify.com/s/files/1/0678/1327/7801/files/ksl4e819b4d3e90d1_bcb848f1-62f6-48bf-9a16-8b2434d502ae.jpg,false,SWAP_CLEAN
7736566972521,serre-tunnel-6x3x2m-avec-12-fenetres-et-protection-uv,Serre tunnel 6x3x2m avec couverture anti-UV,7,7,https://cdn.shopify.com/s/files/1/0678/1327/7801/files/7nF2631951920c3fe_8529df89-b81d-412a-abac-ebc42ba8466b.jpg,false,SWAP_CLEAN
7736560451689,serre-de-jardin-2x3m-resistante-avec-cadre-en-acier,Serre tunnel de jardin 201 x 305 x 213 cm,7,7,https://cdn.shopify.com/s/files/1/0678/1327/7801/files/TSd01b1915015056f_c704ad59-3d2e-4afa-85d0-0aae6fd3dfe1.jpg,false,SWAP_CLEAN
7736557863017,serre-tunnel-6x3x2m-acier-galvanise-avec-8-fenetres,Serre tunnel de jardin 610x305x213cm avec porte zippée,7,7,https://cdn.shopify.com/s/files/1/0678/1327/7801/files/Jkd6db1949409ee2a_4b1908a9-0621-4f71-ae3e-fa17e1c4c28e.jpg,false,SWAP_CLEAN
7736556912745,serre-tunnel-portable-3-5x3x2m-structure-galvanisee-blanche,"Serre tunnel portable 3,5x3x2m structure acier galvanisé",7,7,https://cdn.shopify.com/s/files/1/0678/1327/7801/files/mfUe2919518fd6bd9_6d34c7f2-f896-4335-a52b-b1562d49f06d.jpg,false,SWAP_CLEAN
7736558420073,serre-tunnel-portable-4m-x-1m-x-0-8m-avec-4-portes-zippees,Serre tunnel portable 396 x 91 x 76 cm avec 4 portes,7,7,https://cdn.shopify.com/s/files/1/0678/1327/7801/files/sWqafd195f6b3f1f1_0d7ce63b-a25d-45bf-bbf6-5053c822de23.jpg,false,SWAP_CLEAN
7736562679913,cage-a-culture-240x120cm-tente-protection-jardin-zipee,Serre Tunnel Protection Plantes 244 x 122 cm Portes Zippées,21,13,https://cdn.shopify.com/s/files/1/0678/1327/7801/files/g9f91e19d3fb39515.jpg,false,SWAP_CLEAN
7736561074281,serre-2-1-x-3-7-x-2-1m-resistante-au-vent-avec-ventilation,Serre tunnel résistante vent 213 x 366 x 213 cm,7,7,https://cdn.shopify.com/s/files/1/0678/1327/7801/files/Ei3d0919513a49ef9.jpg,false,SWAP_CLEAN
9371100545129,socle-parasol-ciment-rond-20kg,Socle de parasol en ciment rond 20 kg résistant,8,5,https://cdn.shopify.com/s/files/1/0678/1327/7801/files/u48f0f19495b0c1c6.jpg,false,SWAP_CLEAN
7750489964649,canape-3-places-moderne-en-velours-cotele-212-cm,Sofa 3 places moderne en velours côtelé avec ressorts,21,9,https://cdn.shopify.com/s/files/1/0678/1327/7801/files/vQS90219d3d21e214.jpg,false,SWAP_CLEAN
9367417487465,sofa-lit-sectionnel-convertible-en-l-rangement-usb,Sofa-lit sectionnel convertible en L avec rangement et ports USB,7,7,https://cdn.shopify.com/s/files/1/0678/1327/7801/files/pCnd3119cd01e5f29.jpg,false,SWAP_CLEAN
7798393241705,store-roulant-exterieur-8-x-6-brise-vue-sans-cordage-terrasse,Store enrouleur extérieur 244 x 183 cm manivelle,7,7,https://cdn.shopify.com/s/files/1/0678/1327/7801/files/jFO2d31948cd0dc70.jpg,false,SWAP_CLEAN
9376661700713,store-motorise-retractable-396x305-aluminium,Store motorisé rétractable 396 x 305 cm cadre aluminium,7,5,https://cdn.shopify.com/s/files/1/0678/1327/7801/files/mrUca21948cd0ba4f.jpg,false,SWAP_CLEAN
7752192000105,auvent-retractable-manuel-3m-x-2-4m-avec-protection-uv,Store rétractable manuelle 305 x 245 cm — rayures rouges,28,28,https://cdn.shopify.com/s/files/1/0678/1327/7801/files/Icfdc4194932fae4d.jpg,false,SWAP_CLEAN
9371101102185,support-parasol-fixation-deck-terrasse,Support de terrasse pour parasol à fixation murale,7,5,https://cdn.shopify.com/s/files/1/0678/1327/7801/files/4c643d195d0f944f9.jpg,false,SWAP_CLEAN
9372965470313,table-basse-patio-rotin-tresse,Table basse de patio en rotin tressé à la main,7,6,https://cdn.shopify.com/s/files/1/0678/1327/7801/files/r4Tb5919494e6820c.jpg,false,SWAP_CLEAN
7752191082601,table-basse-relevable-avec-rangement-cache-pour-salon,Table basse plateau relevable avec rangement caché,21,21,https://cdn.shopify.com/s/files/1/0678/1327/7801/files/Pq6dc019492e652e2.jpg,false,SWAP_CLEAN
7750890324073,table-console-99cm-avec-rangements-et-tiroirs,Table console étroite 99 cm avec tiroirs et étagères,14,7,https://cdn.shopify.com/s/files/1/0678/1327/7801/files/RTb10419492e50fcb.jpg,false,SWAP_CLEAN
9372965109865,table-appoint-patio-carree-metal-treillis,Table d'appoint de patio carrée en métal avec plateau en treillis,7,,,,STILL_NO_LIFESTYLE
7793455726697,table-dappoint-pliante-en-rotin-pe-pour-patio-40x40x40cm,Table d'appoint pliante en rotin tressé PE,7,7,https://cdn.shopify.com/s/files/1/0678/1327/7801/files/4f7eb1194967b7e02.jpg,false,SWAP_CLEAN
7788349882473,table-de-chevet-avec-eclairage-led-et-2-tiroirs-1,Table de nuit avec éclairage LED et 2 tiroirs,14,14,https://cdn.shopify.com/s/files/1/0678/1327/7801/files/ZRo47619ab8cbfc89.jpg,false,SWAP_CLEAN
9365034696809,table-patio-ronde-80cm-trou-parasol,Table de patio ronde 80cm avec trou parasol,7,7,https://cdn.shopify.com/s/files/1/0678/1327/7801/files/PCJ2ec194884f3ed0_1c468f2f-f05d-4022-afea-7117a3998a2b.jpg,false,SWAP_CLEAN
9369986269289,table-patio-ronde-trou-parasol,Table de patio ronde avec trou pour parasol,7,7,https://cdn.shopify.com/s/files/1/0678/1327/7801/files/Gbr852194884f3b92_c06b33b1-3934-4d41-9c24-d0317348f922.jpg,false,SWAP_CLEAN
9367415521385,table-pique-nique-enfant-3-en-1-parasol,Table de pique-nique enfant 3 en 1 avec parasol,7,,,,STILL_NO_LIFESTYLE
7752185446505,table-de-toilettage-ajustable-avec-2-sangles-et-panier,Table de toilettage ajustable pour chiens avec sangles sécurité,14,14,https://cdn.shopify.com/s/files/1/0678/1327/7801/files/lwfc6d19493c16cb1.jpg,false,SWAP_CLEAN
9365035614313,table-foyer-propane-protection-verre,Table foyer au propane 71 cm avec protection verre,7,5,https://cdn.shopify.com/s/files/1/0678/1327/7801/files/TUM38819e4f2677c1.jpg,true,SWAP_TEXT
9369986334825,table-foyer-propane-exterieure-50000-btu,Table foyer au propane extérieure 50 000 BTU,7,,,,STILL_NO_LIFESTYLE
9367414702185,table-sensorielle-sable-eau-circuit-enfants,Table sensorielle sable et eau avec circuit pour enfants,7,4,https://cdn.shopify.com/s/files/1/0678/1327/7801/files/vRg3ad19d72c43c68.jpg,true,SWAP_TEXT
7752239415401,table-de-toilettage-pour-chiens-avec-bras-ajustable-89x61-cm,Table toilettage chien bras ajustable plateau caoutchouc,13,7,https://cdn.shopify.com/s/files/1/0678/1327/7801/files/LA08e119495e7ea92.jpg,false,SWAP_CLEAN
7750490062953,ensemble-de-2-tabourets-de-bar-66-cm-avec-dossier-en-pu,Tabourets de bar ensemble de 2 hauteur comptoir 66 cm,7,6,https://cdn.shopify.com/s/files/1/0678/1327/7801/files/qYEc7219d3fe90da4.jpg,true,SWAP_TEXT
7750490456169,ensemble-de-2-tabourets-de-bar-ajustables-cuir-pu,Tabourets de bar hauteur comptoir ajustables ensemble de 2,7,7,https://cdn.shopify.com/s/files/1/0678/1327/7801/files/vAve9b19d42d189f9.jpg,false,SWAP_CLEAN
7752205467753,ensemble-de-2-tabourets-de-bar-cuir-pu-vintage-style-retro,Tabourets de bar hauteur comptoir ensemble de 2,21,8,https://cdn.shopify.com/s/files/1/0678/1327/7801/files/WFH436194969db3e7.jpg,false,SWAP_CLEAN
7750490161257,ensemble-de-4-tabourets-de-bar-61cm-style-industriel,Tabourets de bar industriels 61 cm ensemble de 4,7,7,https://cdn.shopify.com/s/files/1/0678/1327/7801/files/39O81719bff3ac3ab.jpg,false,SWAP_CLEAN
7750490554473,ensemble-de-2-tabourets-de-bar-pivotants-hauteur-ajustable-1,Tabourets de bar pivotants ajustables ensemble de 2,14,8,https://cdn.shopify.com/s/files/1/0678/1327/7801/files/lXf61e19dc9746b62.jpg,false,SWAP_CLEAN
7750491013225,ensemble-de-2-tabourets-de-bar-pivotants-avec-repose-pieds,Tabourets de bar pivotants ajustables ensemble de 2,21,,,,STILL_NO_LIFESTYLE
7750490357865,tabourets-de-bar-pivotants-ensemble-de-2-avec-dossier,Tabourets de bar pivotants capitonnés hauteur comptoir,7,7,https://cdn.shopify.com/s/files/1/0678/1327/7801/files/lW539e194951d3b17.jpg,false,SWAP_CLEAN
7750490194025,ensemble-de-2-tabourets-de-bar-pivotants-hauteur-ajustable-2,Tabourets de bar pivotants ensemble de 2 chenille réglables,7,7,https://cdn.shopify.com/s/files/1/0678/1327/7801/files/K3ec2a19cd0206c8b.jpg,false,SWAP_CLEAN
7750490488937,tabourets-de-bar-pivotants-ensemble-de-2-hauteur-comptoir,Tabourets de bar pivotants ensemble de 2 pattes bois,7,7,https://cdn.shopify.com/s/files/1/0678/1327/7801/files/deue40194970cbe5a.jpg,false,SWAP_CLEAN
7750489407593,ensemble-2-tabourets-de-bar-pivotants-hauteur-ajustable,Tabourets de bar pivotants hauteur ajustable avec dossier ensemble 2,7,7,https://cdn.shopify.com/s/files/1/0678/1327/7801/files/GSfed719b9ec793b9.jpg,false,SWAP_CLEAN
7750490095721,tabourets-de-bar-ensemble-de-2-siege-pivotant-hauteur-ajustable,Tabourets de bar pivotants hauteur ajustable ensemble de 2,7,,,,STILL_NO_LIFESTYLE
7750490521705,ensemble-de-2-tabourets-de-bar-pivotants-avec-dossier-et-accoudoirs,Tabourets de bar pivotants hauteur réglable avec dossier,14,7,https://cdn.shopify.com/s/files/1/0678/1327/7801/files/NMibb919cd0066a40.jpg,false,SWAP_CLEAN
7750490128489,ensemble-de-2-tabourets-de-bar-pivotants-ajustables,Tabourets de bar pivotants réglables avec repose-pieds,7,7,https://cdn.shopify.com/s/files/1/0678/1327/7801/files/0mn1f019d41f511f3.jpg,false,SWAP_CLEAN
7750490259561,ensemble-de-2-tabourets-de-bar-pivotants-26,Tabourets de bar pivotants rembourrés avec dossiers,14,7,https://cdn.shopify.com/s/files/1/0678/1327/7801/files/LK1bcd19d3fd04969.jpg,false,SWAP_CLEAN
7750490947689,tabourets-de-bar-lot-de-2-chaises-pivotantes-rembourrees,Tabourets de bar pivotants rembourrés ensemble de 2,14,7,https://cdn.shopify.com/s/files/1/0678/1327/7801/files/zciac319b9f547ccb.jpg,false,SWAP_CLEAN
9371850735721,tapis-remplacement-trampoline-12-pi-72-crochets,"Tapis de trampoline remplacement 12 pi, 72 crochets",21,7,https://cdn.shopify.com/s/files/1/0678/1327/7801/files/E3qcbf1949409ea00_84024eca-1de6-4998-b5eb-3953696ab2e8.jpg,true,SWAP_TEXT
9365035057257,tapis-exterieur-portable-reversible-gris-blanc,Tapis extérieur portable réversible 274 x 549 cm — Gris et blanc,14,8,https://cdn.shopify.com/s/files/1/0678/1327/7801/files/79u4c719486979dc6.jpg,false,SWAP_CLEAN
9365039251561,tapis-exterieur-portable-reversible-noir,Tapis extérieur portable réversible 274 x 549 cm — noir,7,7,https://cdn.shopify.com/s/files/1/0678/1327/7801/files/OYr05e194960d0d8d_f0cfa7ee-4557-4c67-b73f-61f3307f9dfb.jpg,false,SWAP_CLEAN
9365034893417,tapis-exterieur-reversible-noir,Tapis extérieur réversible 274 x 549 cm — noir,7,,,,STILL_NO_LIFESTYLE
9365263188073,tapis-exterieur-reversible-8x10-transport,Tapis extérieur réversible 8' x 10' avec sac transport,7,7,https://cdn.shopify.com/s/files/1/0678/1327/7801/files/g7q0cc19e628fc99e.jpg,false,SWAP_CLEAN
9365036007529,tente-abri-moustiquaire-pliable-3-4-personnes,Tente abri moustiquaire pliable 3-4 personnes avec sac transport,14,14,https://cdn.shopify.com/s/files/1/0678/1327/7801/files/1uy15e19493e75964.jpg,false,SWAP_CLEAN
9367417618537,tente-camping-tunnel-6-8-personnes-impermeable-2000mm,Tente de camping tunnel 6-8 personnes imperméable 2000mm,7,,,,STILL_NO_LIFESTYLE
9371101954153,tente-douche-escamotable-camping-plein-air,Tente de douche escamotable avec sac de transport,7,,,,STILL_NO_LIFESTYLE
9367416602729,tente-douche-escamotable-portable-camping,Tente de douche escamotable portable pour camping,7,,,,STILL_NO_LIFESTYLE
9365039186025,tente-douche-portable-camping-vestiaire,Tente de douche portable 152x152x208cm vestiaire camping,14,8,https://cdn.shopify.com/s/files/1/0678/1327/7801/files/dau77b19493f79174.jpg,false,SWAP_CLEAN
7796434632809,tente-de-douche-pop-up-abri-de-confidentialite-portable-camping,Tente de douche portable pop-up pour camping,7,,,,STILL_NO_LIFESTYLE
9365039677545,tente-jardin-3x3m-double-toit-moustiquaire,Tente de jardin 3x3m double toit avec moustiquaire,7,6,https://cdn.shopify.com/s/files/1/0678/1327/7801/files/Uzg0db19c00d54881.jpg,false,SWAP_CLEAN
9376663175273,tente-jardin-escamotable-upf50-3-parois,Tente de jardin escamotable UPF 50+ avec 3 parois,7,5,https://cdn.shopify.com/s/files/1/0678/1327/7801/files/82234c19d3dc73d64.jpg,true,SWAP_TEXT
9367416799337,tente-gazebo-pop-up-3x3m-sac-transport,Tente de jardin pop up 3 x 3 m avec sac de transport,7,6,https://cdn.shopify.com/s/files/1/0678/1327/7801/files/9MNc89194825f2d4b.jpg,false,SWAP_CLEAN
9371860828265,tente-reception-instantanee-6x3m-sac-transport,Tente de réception instantanée 6 x 3 m avec sac,7,6,https://cdn.shopify.com/s/files/1/0678/1327/7801/files/Kuk54419e2fcfef74.jpg,false,SWAP_CLEAN
9369986465897,tente-reception-portative-pieds-habilles,Tente de réception portative avec pieds habillés — 274 cm,7,5,https://cdn.shopify.com/s/files/1/0678/1327/7801/files/zTD6a418dc42bf58c.jpg,false,SWAP_CLEAN
7798393798761,toile-de-remplacement-gazebo-2-niveaux-3m-x-3m,Toile de remplacement gazebo 2 niveaux 3 x 3 m,14,7,https://cdn.shopify.com/s/files/1/0678/1327/7801/files/HF16f419ed780bd69.jpg,true,SWAP_TEXT
9365035483241,toile-remplacement-gazebo-3x3m-2-niveaux,Toile de remplacement gazebo 2 niveaux 3 x 3 m,7,6,https://cdn.shopify.com/s/files/1/0678/1327/7801/files/osl5521948396cbdc.jpg,true,SWAP_TEXT
9371100872809,toilette-portable-camping-chasse-eau-20l,Toilette portable de camping avec chasse d'eau 20 L,7,5,https://cdn.shopify.com/s/files/1/0678/1327/7801/files/ytr90f1983bdde68b.jpg,false,SWAP_CLEAN
9371091828841,tractopelle-porteur-3-en-1-pelle-klaxon,Tractopelle porteur 3-en-1 avec pelle et klaxon,7,7,https://cdn.shopify.com/s/files/1/0678/1327/7801/files/qLV6d019495b0d21c.jpg,false,SWAP_CLEAN
7752236400745,tricycle-evolutif-6-en-1-avec-panier-et-parasol-pour-enfants,Tricycle 6-en-1 pour tout-petits avec panier et harnais,7,7,https://cdn.shopify.com/s/files/1/0678/1327/7801/files/KzRc8c19496c22910_41bca7e2-e324-42bd-ab80-d05eae307ee7.jpg,false,SWAP_CLEAN
7752198455401,tricycle-4-en-1-avec-poignee-parentale-et-auvent-ajustable,Tricycle évolutif 5-en-1 avec poignée parentale,7,7,https://cdn.shopify.com/s/files/1/0678/1327/7801/files/Y3X842194942ee00d.jpg,false,SWAP_CLEAN
7752198029417,tricycle-4-en-1-poussette-convertible-pour-tout-petits-1-5-ans,Tricycle évolutif 5-en-1 pour tout-petits,21,7,https://cdn.shopify.com/s/files/1/0678/1327/7801/files/Tr730e19ed6dbcacb.jpg,false,SWAP_CLEAN
9367414276201,tricycle-evolutif-6-en-1-enfants,Tricycle évolutif 6 en 1 pour enfants 1-5 ans,7,,,,STILL_NO_LIFESTYLE
7751759233129,tricycle-6-en-1-pour-tout-petits-1-5-ans-avec-poignee-parent,Tricycle évolutif 6 en 1 pour tout-petits 1-5 ans,35,8,https://cdn.shopify.com/s/files/1/0678/1327/7801/files/fbafaf1949342ea49.jpg,false,SWAP_CLEAN
7752202518633,tricycle-6-en-1-pliable-pour-tout-petit-1-4-ans,Tricycle évolutif 6-en-1 convertible poussette vélo enfant,14,14,https://cdn.shopify.com/s/files/1/0678/1327/7801/files/Vbo9ee19e4a6c228e.jpg,false,SWAP_CLEAN
9367413522537,tricycle-evolutif-6-en-1-tout-petits,Tricycle évolutif 6-en-1 pour tout-petits,14,,,,STILL_NO_LIFESTYLE
9367413588073,tricycle-evolutif-6-en-1-tout-petits-auvent,Tricycle évolutif 6-en-1 pour tout-petits avec auvent,7,,,,STILL_NO_LIFESTYLE
9359739945065,tricycle-evolutif-9-en-1-harnais-securite,Tricycle évolutif 9-en-1 avec harnais de sécurité,7,,,,STILL_NO_LIFESTYLE
9370970947689,tricycle-evolutif-enfants-2-5-ans,Tricycle évolutif pour enfants 2-5 ans,14,7,https://cdn.shopify.com/s/files/1/0678/1327/7801/files/ZB80361949554ac80_d2028e1f-e716-417a-a05e-3c70c3f6a4e1.jpg,false,SWAP_CLEAN
9365034795113,tuiles-terrasse-emboitables-9-pieces,Tuiles de terrasse emboîtables 30x30 cm ensemble 9 pièces,7,7,https://cdn.shopify.com/s/files/1/0678/1327/7801/files/QYXc2019c220f1fab.jpg,false,SWAP_CLEAN
9370969866345,tunnel-jeu-chenille-enfants-3-6-ans,Tunnel de jeu chenille pour enfants 3-6 ans,7,,,,STILL_NO_LIFESTYLE
9367413686377,velo-equilibre-bebe-panier-amovible,Vélo d'équilibre bébé avec panier amovible,7,,,,STILL_NO_LIFESTYLE
9371100610665,ventilateur-sur-pied-telecommande-minuterie,Ventilateur sur pied avec télécommande et minuterie,14,7,https://cdn.shopify.com/s/files/1/0678/1327/7801/files/cpT491194960d084c_2b107bff-bdf7-4bf6-a75a-8dde5a96e543.jpg,false,SWAP_CLEAN
7798394028137,ventilateur-sur-pied-avec-telecommande-ventilateur-electrique-ajustable,Ventilateur sur pied avec télécommande hauteur réglable,14,8,https://cdn.shopify.com/s/files/1/0678/1327/7801/files/cpT491194960d084c.jpg,false,SWAP_CLEAN
9364961427561,ventilateur-tour-oscillant-3-vitesses-minuterie,Ventilateur tour oscillant 3 vitesses minuterie 12h télécommande,7,,,,STILL_NO_LIFESTYLE
9364961493097,ventilateur-tour-oscillant-telecommande,Ventilateur tour oscillant télécommande minuterie 12h,8,,,,STILL_NO_LIFESTYLE
9369986236521,ventilateur-tour-sur-pied-telecommande-minuterie-12h,Ventilateur tour sur pied avec télécommande et minuterie 12h,7,,,,STILL_NO_LIFESTYLE
9364962869353,vitrine-exposition-murale-7-etages,Vitrine d'exposition murale 7 étages portes vitrées,7,7,https://cdn.shopify.com/s/files/1/0678/1327/7801/files/Uip7b519d38167894.jpg,false,SWAP_CLEAN
7752238661737,voiture-electrique-24v-2-places-avec-telecommande-et-suspension,Voiture électrique 2 places 24V pour enfants,21,4,https://cdn.shopify.com/s/files/1/0678/1327/7801/files/KHzd74195028b78bd.jpg,true,SWAP_TEXT
7752238825577,camion-electrique-24v-2-places-auto-pour-enfants-avec-suspension,Voiture électrique 2 places 24V pour enfants,21,8,https://cdn.shopify.com/s/files/1/0678/1327/7801/files/x5Lf1319493e7f1b3.jpg,false,SWAP_CLEAN
7788349587561,voiture-electrique-12v-audi-rs-e-tron-gt-pour-enfants-1,Voiture électrique enfant Audi RS e-tron GT 12V,35,,,,STILL_NO_LIFESTYLE
7752203010153,auto-electrique-12v-avec-telecommande-parentale-et-2-moteurs,Voiture électrique enfant télécommande parentale double moteur 3-6 ans,14,,,,STILL_NO_LIFESTYLE
9371100577897,voiture-porteur-sol-musique-lumieres,Voiture porteur au sol avec musique et lumières,7,6,https://cdn.shopify.com/s/files/1/0678/1327/7801/files/MHtd6119496d4fe24.jpg,false,SWAP_CLEAN
9367414046825,voiture-porteur-bebe-klaxon-lumieres-musique,"Voiture porteur bébé avec klaxon, lumières et musique",7,,,,STILL_NO_LIFESTYLE
9367232544873,voiture-porteur-pousseur-3-en-1-tout-petits,Voiture porteur pousseur 3 en 1 pour tout-petits,14,,,,STILL_NO_LIFESTYLE
9367414505577,vtt-electrique-enfant-12v-double-moteur-suspension-led,VTT électrique enfant 12V double moteur suspension LED,7,,,,STILL_NO_LIFESTYLE
9367414210665,vtt-electrique-enfant-6v-musique-phares,VTT électrique enfant 6V avec musique et phares,7,6,https://cdn.shopify.com/s/files/1/0678/1327/7801/files/ddL39819dce4ab82c.jpg,false,SWAP_CLEAN