sku,name,image_actuelle_pos0,classif_actuelle,image_proposee_pos0,classif_proposee,changement
84A-009BK,"Patio Glider with Breathable Mesh Fabric, Outdoor Glider Chair, Garden Rocking Gliding Seat for Patio, Yard, Porch, Black",https://img-us.aosomcdn.com/100/product/2026/01/13/mCA8fb19bb78f347f.jpg,fond_blanc,https://img-us.aosomcdn.com/100/product/2025/01/20/eC8d1719483bad19a.jpg,lifestyle,oui
84A-054V05BK,"3-Seater Outdoor Porch Swing with Adjustable Canopy, Patio Swing Chair for Garden, Poolside, Backyard, Black",https://img-us.aosomcdn.com/100/product/2026/05/21/lkCff319e4a6c223e.jpg,fond_blanc,https://img-us.aosomcdn.com/100/product/2026/05/21/nrNc7819e4a6c223e.jpg,lifestyle,oui
845-792V00YL,"Wood Planter with Trellis for Vine Climbing, Raised Garden Bed, Privacy Screen for Backyard, Patio, Deck, Yellow",https://img-us.aosomcdn.com/100/product/2026/03/26/WjG21a19d2bc4ea7b.jpg,fond_blanc,https://img-us.aosomcdn.com/100/product/2026/03/26/xV4e3619d2bc4ea7b.jpg,lifestyle,oui
84K-241V00LG,"Zero Gravity Chair Set of 2, Folding Reclining Outdoor Lounge Chair with Cup Holder, Headrest, Light Grey",https://img-us.aosomcdn.com/100/product/2026/05/13/gbd1e519e21379402.jpg,fond_blanc,https://img-us.aosomcdn.com/100/product/2026/05/13/Kr8a4019e21379402.jpg,lifestyle,oui
845-039V01GY,"Galvanized Raised Garden Bed, Outdoor Planter Box for Vegetables, Flowers, Herbs, 4' x 2' x 1', Grey",https://img-us.aosomcdn.com/100/product/2023/04/03/8QE98a18746cb5ede.jpg,lifestyle,https://img-us.aosomcdn.com/100/product/2023/04/03/8QE98a18746cb5ede.jpg,lifestyle,non
845-652V00GY,"Foldable Elevated Planter Box, Wooden Raised Garden Bed for Backyard, Patio to Grow Vegetables, Herbs, Flowers, Grey",https://img-us.aosomcdn.com/100/product/2023/12/18/9RPac718c7bde8c41.jpg,fond_blanc,https://img-us.aosomcdn.com/100/product/2024/05/29/SFVb7818fc31411b3.jpg,lifestyle,oui
01-0893,Patio Double Glider Bench Swing Chair Rocker Heavy-Duty Loveseat Outdoor Garden Rocking Bench Steel Frame Sling Fabric Seat Black,https://img-us.aosomcdn.com/100/product/2025/07/14/qJ0446198076bb4d9.jpg,fond_blanc,https://img-us.aosomcdn.com/100/product/2026/05/06/V428f019dfc190af1.jpg,lifestyle,oui
845-518GY,"95"" x 36"" x 12"" Galvanized Raised Garden Bed, Metal Elevated Planter Box for Growing Flowers, Herbs, Succulents, Grey",https://img-us.aosomcdn.com/100/product/2025/01/23/TpV2d019493c22a44.jpg,fond_blanc,https://img-us.aosomcdn.com/100/product/2025/01/23/X5R5e219493c22a44.jpg,lifestyle,oui
84H-209V00CG,"5' x 3' x 2' Raised Garden Bed, Galvanized Planter Box for Growing Flowers, Herbs and Vegetables, Dark Grey",https://img-us.aosomcdn.com/100/product/2025/01/20/Sia7b319482f20daf.jpg,fond_blanc,https://img-us.aosomcdn.com/100/product/2025/01/20/u9Wd1419482f20daf.jpg,lifestyle,oui
845-774V00BK,"Galvanized Raised Garden Bed, Steel Outdoor Planters with Reinforced Rods, 71"" x 35"" x 23"", Black",https://img-us.aosomcdn.com/100/product/2025/05/08/DJKfce196ae984d5a.jpg,fond_blanc,https://img-us.aosomcdn.com/100/product/2025/05/08/R7g24c196ae984d5a.jpg,lifestyle,oui
84G-791V00BK,"28 Gallon Deck Box, Resin Outdoor Storage Box with Handles, Waterproof and UV Resistant Storage Container",https://img-us.aosomcdn.com/100/product/2025/02/19/TWK6411951f3a4e3b.jpg,lifestyle,https://img-us.aosomcdn.com/100/product/2025/02/19/TWK6411951f3a4e3b.jpg,lifestyle,non
84A-009,"Patio Glider with Breathable Mesh Fabric, Outdoor Glider Chair, Garden Rocking Gliding Seat for Patio, Yard, Porch, Grey",https://img-us.aosomcdn.com/100/product/2026/06/05/RXl8d819e95d84c53.jpg,fond_blanc,https://img-us.aosomcdn.com/100/product/2025/01/20/H9F1fe19483a8c00f.jpg,lifestyle,oui
84C-142V01CG,"Replacement Mosquito Netting for Gazebo 10' x 12' Black Screen Walls for Canopy with Zippers, Dark Grey",https://img-us.aosomcdn.com/100/product/2025/01/23/VYzf6319490f64ecc.jpg,lifestyle,https://img-us.aosomcdn.com/100/product/2025/01/23/VYzf6319490f64ecc.jpg,lifestyle,non
84A-009BN,"Patio Glider with Breathable Mesh Fabric, Outdoor Glider Chair, Garden Rocking Gliding Seat for Patio, Yard, Porch, Brown",https://img-us.aosomcdn.com/100/product/2026/06/03/BjF76919e8e025b21.jpg,fond_blanc,https://img-us.aosomcdn.com/100/product/2023/01/31/vfs88c18605e960a4.jpg,lifestyle,oui
845-335,"Garden Kneeler and Seat, Foldable Gardening Stool Bench with Thick EVA Foam Kneeling Pad and 1 Large Tool Pouch, Green",https://img-us.aosomcdn.com/100/product/2025/05/30/MTE2b21972003ce6b.jpg,inconnu,https://img-us.aosomcdn.com/100/product/2025/01/24/U8hc37194959e5193.jpg,lifestyle,oui
84B-136BK,"Porch Swing Cushion Garden Bench Cushion with Backrest, Non-Slip 3-Seater Soft Pad, 59.1"" x 38.6"", Black",https://img-us.aosomcdn.com/100/product/2026/02/03/2s8ee819c220f0a44.jpg,fond_blanc,https://img-us.aosomcdn.com/100/product/2026/02/03/Z5Ma8919c220f0a44.jpg,lifestyle,oui
844-610V00BK,"Metal Outdoor Privacy Screen, Decorative Outdoor Divider with Stand and Expansion Screws, Freestanding Privacy Panel for Garden Deck Pool Hot Tub, Willow Branch Style",https://img-us.aosomcdn.com/100/product/2025/11/25/PvLe0c19ab8cbfab9.jpg,inconnu,https://img-us.aosomcdn.com/100/product/2025/11/25/r5uffc19ab8cbfab9.jpg,lifestyle,oui
823-010V81,"10000 BTU Portable Air Conditioner with Fan & Dehumidifier Mode, Quiet AC Unit with Remote Control, 24-Hour Timer, Black",https://img-us.aosomcdn.com/100/product/2025/07/09/wF8c53197ef12530e.jpg,lifestyle,https://img-us.aosomcdn.com/100/product/2025/07/09/wF8c53197ef12530e.jpg,lifestyle,non
84B-136,"3 Seater Outdoor Seat Pads Bench Swing Chair Replacement Cushions Backrest for Patio Garden, Dark Grey",https://img-us.aosomcdn.com/100/product/2026/06/04/Ot0dcd19e930eb35e.jpg,fond_blanc,https://img-us.aosomcdn.com/100/product/2026/06/04/DW9d0c19e930eb35e.jpg,lifestyle,oui
370-198BK,"Qaba Tricycle for Toddler 4 in 1 Kids Trike, Foldable Converts Stroller to Toddler Bike, Adjustable Backrest & Curved Canopy, Detachable Guardrail & Handle for 1-5 Years Old, Black",https://img-us.aosomcdn.com/100/product/2026/05/27/e0Se9019e68595dea.jpg,fond_blanc,https://img-us.aosomcdn.com/100/product/2026/05/27/5Ygd2019e68595dea.jpg,lifestyle,oui
823-002V80,"10,000BTU Mobile Portable Air Conditioner with Cooling, Dehumidifier, 2 Speed Fans, 24-Hour Timer for Bedroom, White",https://img-us.aosomcdn.com/100/product/2026/04/29/cE03da19dd767e91f.jpg,fond_blanc,https://img-us.aosomcdn.com/100/product/2026/04/29/y6O45619dd767e91f.jpg,lifestyle,oui
84K-241V00CG,"Zero Gravity Chair Set of 2, Folding Reclining Outdoor Lounge Chair with Cup Holder, Headrest, Dark Grey",https://img-us.aosomcdn.com/100/product/2026/05/14/ZO5b6019e26e813cc.jpg,fond_blanc,https://img-us.aosomcdn.com/100/product/2026/05/14/rSY77719e26e813cc.jpg,lifestyle,oui
867-034,"Patio Wicker Coffee Table, Outdoor PE Rattan Garden Folding Side Table, 15.75""x15.75""x15.75"", Brown",https://img-us.aosomcdn.com/100/product/2025/01/24/qf8539194967b7e02.jpg,fond_blanc,https://img-us.aosomcdn.com/100/product/2025/01/24/OYLe4f194967b7e02.jpg,lifestyle,oui
845-774V00SR,"Galvanized Raised Garden Bed, Steel Outdoor Planters with Reinforced Rods, 71'' x 35'' x 23'', Silver",https://img-us.aosomcdn.com/100/product/2026/03/06/oLM16c19cc1191fc0.png,inconnu,https://img-us.aosomcdn.com/100/product/2025/01/24/uH01111949655351b.jpg,lifestyle,oui
84C-226CG,"Gazebo Curtains, 10' x 12' Universal Replacement Privacy Curtain, 4-Panels Sidewall with Hooks/C-Rings, Dark Grey",https://img-us.aosomcdn.com/100/product/2025/01/24/xAo6ff194971e8fef.jpg,lifestyle,https://img-us.aosomcdn.com/100/product/2025/01/24/xAo6ff194971e8fef.jpg,lifestyle,non
84A-054V05BN,"3-Seater Outdoor Porch Swing with Adjustable Canopy, Patio Swing Chair for Garden, Poolside, Backyard, Brown",https://img-us.aosomcdn.com/100/product/2025/01/23/3BE2a219490d1ec81.jpg,fond_blanc,https://img-us.aosomcdn.com/100/product/2025/05/09/S2qf18196b307c1d1.jpg,lifestyle,oui
D51-277V01,"9.8' x 13.1' x 6.6' Chicken Coop Cage, Outdoor Hen House w/Cover & Lockable Door",https://img-us.aosomcdn.com/100/product/2024/03/11/ur193318e2cd01f66.jpg,fond_blanc,https://img-us.aosomcdn.com/100/product/2024/03/11/Dvi0dc18e2cd01f66.jpg,lifestyle,oui
84B-146BU,"Folding Lounge Chair Outdoor, Tanning Chair with Face Hole Arm Slots, Beach Chaise Lounger with Pillow, 5-Position Adjustable Portable Sun Lounger Bed for Pool, Blue",https://img-us.aosomcdn.com/100/product/2026/05/16/cCL98319e302181c5.jpg,fond_blanc,https://img-us.aosomcdn.com/100/product/2026/05/16/hmy94419e302181c5.jpg,lifestyle,oui
824-024V80BK,"Standing Floor Fan with Remote Control, Stand Up Cooling Fan, Tall Pedestal Electric Fan for Bedroom, Black",https://img-us.aosomcdn.com/100/product/2024/03/26/2tc88918e79b44c73.jpg,fond_blanc,https://img-us.aosomcdn.com/100/product/2024/03/26/Vxkeae18e79b44c73.jpg,lifestyle,oui
01-0902,"26 lbs Resin Round Umbrella Base Stand Market Parasol Base for Φ1.5"", Φ1.89"" Pole, for Backyard, Garden, Bronze",https://img-us.aosomcdn.com/100/product/2026/04/09/OKX6f019d721f7303.jpg,lifestyle,https://img-us.aosomcdn.com/100/product/2026/04/09/OKX6f019d721f7303.jpg,lifestyle,non
